drug_1	drug_2
DB06285	DB00630
DB01104	DB00704
DB00396	DB00783
DB00531	DB00091
DB00531	DB01073
DB00563	DB00091
DB00515	DB00773
DB00515	DB00361
DB01229	DB01030
DB00544	DB00848
DB00773	DB00531
DB00014	DB01128
DB00515	DB00544
DB01073	DB00104
DB01262	DB00091
DB01165	DB00537
DB01229	DB00762
DB01229	DB00361
DB01005	DB00544
DB00563	DB00570
DB01177	DB00242
DB01233	DB01234
DB01234	DB00889
DB00563	DB00987
DB01216	DB00499
DB01229	DB00515
DB00982	DB01168
DB00773	DB01181
DB00007	DB00499
DB04865	DB00987
DB01248	DB00997
DB01248	DB00762
DB00773	DB00541
DB01248	DB01196
DB01204	DB00635
DB00322	DB00544
DB00262	DB01206
DB00262	DB00853
DB01115	DB00641
DB00722	DB00641
DB00014	DB00007
DB01073	DB00987
DB05829	DB00630
DB00864	DB00091
DB05332	DB00762
DB05332	DB01234
DB01206	DB00853
DB00541	DB00762
DB00773	DB00987
DB00361	DB01181
DB01041	DB00635
DB00688	DB00091
DB00544	DB00650
DB01041	DB01073
DB00515	DB01248
DB00361	DB01248
DB01041	DB05332
DB01204	DB01248
DB00022	DB00811
DB00215	DB00472
DB00531	DB00563
DB01217	DB00072
DB01101	DB00762
DB01177	DB00987
DB00361	DB00853
DB00262	DB00762
DB01229	DB00112
DB01229	DB00188
DB00482	DB01248
DB00515	DB00530
DB00575	DB00422
DB00635	DB00531
DB00482	DB06243
DB00515	DB00317
DB01212	DB00207
DB00482	DB01262
DB01041	DB01234
DB01229	DB01196
DB00105	DB00982
DB00078	DB00073
DB00008	DB00811
DB01101	DB00317
DB00530	DB00853
DB00515	DB01030
DB01229	DB00530
DB01104	DB00285
DB00515	DB00762
DB01101	DB00112
DB01248	DB00317
DB00563	DB01281
DB00530	DB01248
DB00399	DB01006
DB01101	DB01248
DB00072	DB00675
DB01229	DB01248
DB00531	DB00987
DB00553	DB00307
DB00480	DB01234
DB01104	DB00334
DB00951	DB01201
DB01045	DB00951
DB04845	DB00515
DB01217	DB00317
DB00947	DB00317
DB00864	DB01073
DB00945	DB00758
DB01204	DB00188
DB00877	DB00087
DB00188	DB00762
DB01229	DB00982
DB00482	DB00530
DB01041	DB00762
DB00002	DB00762
DB00441	DB00642
DB00322	DB00762
DB01248	DB00188
DB00254	DB01060
DB00783	DB00603
DB01248	DB00112
DB01073	DB00188
DB00014	DB00531
DB00482	DB00317
DB01073	DB00087
DB00073	DB00087
DB01041	DB00853
DB00531	DB00552
DB00073	DB00563
DB00313	DB01262
DB00947	DB01217
DB06626	DB01248
DB04880	DB00264
DB01073	DB06176
DB00482	DB01101
DB00412	DB00331
DB00073	DB00112
DB01041	DB00188
DB01217	DB00884
DB00968	DB00099
DB01248	DB00619
DB01590	DB00317
DB00694	DB00987
DB00413	DB01175
DB06243	DB01128
DB01101	DB00619
DB00515	DB00642
DB00515	DB00441
DB00688	DB00864
DB01033	DB00563
DB00624	DB00884
DB00016	DB00012
DB00361	DB01101
DB01217	DB01128
DB00648	DB00428
DB01276	DB00331
DB00853	DB00762
DB04876	DB01132
DB04876	DB00222
DB01229	DB00441
DB00947	DB00530
DB01120	DB00331
DB04876	DB00331
DB00188	DB00997
DB06825	DB00499
DB06273	DB00563
DB00531	DB01101
DB01132	DB00331
DB01030	DB00853
DB00635	DB01248
DB00746	DB01609
DB00398	DB00851
DB02546	DB00188
DB00482	DB00853
DB00982	DB00853
DB00544	DB01248
DB00530	DB06287
DB00014	DB00624
DB01262	DB06176
DB00073	DB00188
DB00746	DB08826
DB00073	DB01073
DB06243	DB00605
DB01104	DB01068
DB00688	DB00877
DB00912	DB00331
DB00635	DB01281
DB02546	DB01101
DB06335	DB00331
DB00800	DB06151
DB00704	DB01043
DB00973	DB00641
DB02546	DB00307
DB00361	DB00441
DB01156	DB00704
DB00590	DB00177
DB12230	DB00177
DB00530	DB00112
DB00531	DB00997
DB01006	DB00072
DB01276	DB00412
DB00904	DB01075
DB01041	DB00073
DB00480	DB00073
DB00704	DB00745
DB00704	DB00822
DB00361	DB00072
DB00072	DB01101
DB08889	DB01234
DB00361	DB01196
DB00678	DB00695
DB00480	DB00188
DB00248	DB01235
DB00563	DB00619
DB01005	DB00619
DB00603	DB00624
DB00915	DB00571
DB08873	DB00811
DB00252	DB00682
DB01076	DB00641
DB00999	DB00177
DB00381	DB00999
DB01006	DB00675
DB01005	DB00945
DB00997	DB01234
DB00482	DB00762
DB00289	DB00422
DB00999	DB00335
DB00014	DB01217
DB00531	DB00642
DB01357	DB00603
DB00441	DB01248
DB01225	DB00055
DB00642	DB00762
DB00441	DB00072
DB00441	DB00762
DB00007	DB00399
DB00624	DB01126
DB00877	DB00864
DB00877	DB00635
DB00005	DB00563
DB01234	DB00987
DB00005	DB00073
DB00482	DB00990
DB00005	DB00441
DB00947	DB00990
DB00642	DB00002
DB00317	DB00675
DB04845	DB01045
DB00065	DB00563
DB00563	DB06674
DB01104	DB00279
DB00020	DB00099
DB00588	DB00938
DB01104	DB00246
DB00441	DB00073
DB00982	DB02546
DB01576	DB00745
DB06626	DB00441
DB00007	DB01248
DB00480	DB00635
DB00515	DB01181
DB00030	DB00331
DB00112	DB00675
DB01128	DB00007
DB00254	DB01017
DB00472	DB00402
DB00959	DB00853
DB00441	DB00544
DB00530	DB02546
DB00572	DB00571
DB00851	DB00853
DB00916	DB00537
DB02546	DB00072
DB01268	DB00530
DB01229	DB01101
DB00515	DB00002
DB00316	DB01050
DB00054	DB01109
DB01262	DB02546
DB00095	DB01281
DB00973	DB01076
DB00530	DB01590
DB00544	DB01101
DB00841	DB00437
DB00381	DB00966
DB01043	DB00740
DB00722	DB00966
DB00361	DB01030
DB01268	DB01248
DB01224	DB00715
DB00399	DB00675
DB01217	DB00399
DB04572	DB01073
DB00458	DB00472
DB00002	DB01101
DB01104	DB01202
DB00641	DB01039
DB01076	DB01039
DB00313	DB00853
DB00531	DB00002
DB00635	DB00073
DB00688	DB00531
DB00073	DB00020
DB00014	DB00675
DB01217	DB00624
DB00514	DB00201
DB05294	DB01248
DB00904	DB01234
DB06287	DB00853
DB00631	DB00987
DB01590	DB00072
DB01030	DB00317
DB00343	DB00199
DB00877	DB00091
DB00687	DB00741
DB04845	DB00445
DB01590	DB00112
DB00398	DB00002
DB06203	DB01132
DB00441	DB00002
DB01177	DB02546
DB01307	DB00030
DB00188	DB01234
DB02546	DB00928
DB00441	DB00530
DB00482	DB00544
DB00722	DB00381
DB01229	DB00877
DB01151	DB00704
DB00704	DB00715
DB01104	DB00502
DB01030	DB00112
DB01234	DB00377
DB00412	DB00222
DB00762	DB00112
DB13919	DB01023
DB05015	DB00188
DB01229	DB00002
DB05015	DB00928
DB00480	DB00928
DB00877	DB00530
DB00295	DB00230
DB01217	DB00641
DB00531	DB00541
DB00007	DB00052
DB00917	DB00929
DB00736	DB00945
DB00039	DB01109
DB01039	DB00331
DB00334	DB00909
DB00095	DB00563
DB01229	DB02546
DB01229	DB01268
DB00441	DB06176
DB00207	DB00608
DB00016	DB00928
DB00313	DB00928
DB01177	DB00188
DB04845	DB00002
DB00082	DB06791
DB00999	DB13919
DB00945	DB00641
DB09026	DB00177
DB00530	DB00642
DB06589	DB01248
DB00002	DB01254
DB00072	DB01248
DB00530	DB00605
DB00480	DB06287
DB00531	DB00072
DB00012	DB00893
DB00381	DB09026
DB00313	DB00334
DB01268	DB00877
DB00947	DB00112
DB01217	DB00112
DB00864	DB00563
DB00563	DB11988
DB00530	DB00002
DB00322	DB01234
DB00530	DB00307
DB00877	DB00072
DB06825	DB00675
DB06825	DB01006
DB00631	DB00531
DB00480	DB00851
DB00008	DB01265
DB05015	DB00544
DB00673	DB00377
DB00515	DB08871
DB00020	DB00619
DB00398	DB00041
DB05294	DB00642
DB01261	DB00331
DB01590	DB00091
DB00515	DB01590
DB00445	DB01248
DB00688	DB00860
DB01599	DB00177
DB00544	DB01109
DB00773	DB00073
DB00188	DB00112
DB00020	DB00072
DB06701	DB01018
DB00441	DB01030
DB00201	DB00975
DB00186	DB00652
DB00014	DB00990
DB01041	DB00399
DB00203	DB00559
DB01109	DB00006
DB01590	DB00642
DB00402	DB00285
DB00734	DB11699
DB00503	DB01232
DB00398	DB00112
DB00242	DB00068
DB00254	DB01045
DB06285	DB00399
DB01248	DB01254
DB00530	DB01101
DB05294	DB00853
DB01229	DB00997
DB00584	DB00177
DB00678	DB00999
DB00381	DB00177
DB00002	DB01248
DB00877	DB00398
DB06155	DB00331
DB00222	DB00331
DB05294	DB00515
DB00020	DB00499
DB00317	DB00641
DB01175	DB00659
DB01254	DB01101
DB00087	DB00552
DB00515	DB01101
DB01151	DB01175
DB01276	DB00030
DB00218	DB01201
DB01006	DB00112
DB00471	DB01222
DB00635	DB08910
DB00398	DB01030
DB00877	DB00112
DB00572	DB01276
DB01128	DB01126
DB01233	DB01075
DB01216	DB00624
DB01204	DB00020
DB01276	DB01261
DB01248	DB01234
DB00455	DB00043
DB05294	DB01217
DB00399	DB00282
DB00480	DB00531
DB01197	DB00028
DB06287	DB00188
DB00297	DB00281
DB00313	DB01238
DB00997	DB01181
DB00635	DB05812
DB01611	DB00853
DB06168	DB00563
DB00451	DB00279
DB08880	DB00068
DB04845	DB00072
DB00399	DB01076
DB00068	DB00060
DB01268	DB00112
DB00959	DB00060
DB00060	DB00641
DB00531	DB01248
DB00810	DB00201
DB00313	DB01254
DB00313	DB00480
DB00313	DB00398
DB01268	DB00851
DB00773	DB00034
DB00287	DB00373
DB00515	DB00398
DB00252	DB01320
DB01156	DB00402
DB00188	DB00853
DB00313	DB00773
DB09074	DB01030
DB01229	DB09074
DB00851	DB09074
DB00273	DB00191
DB00630	DB06643
DB02772	DB00281
DB01590	DB00853
DB06287	DB01030
DB00022	DB00853
DB00877	DB00041
DB00544	DB00002
DB00736	DB00788
DB06292	DB00331
DB08816	DB00945
DB00313	DB00112
DB00530	DB00254
DB00682	DB00476
DB00947	DB01101
DB00398	DB00188
DB00482	DB00531
DB00441	DB08910
DB00959	DB01248
DB00381	DB00178
DB00398	DB00853
DB00947	DB01006
DB08885	DB01248
DB01001	DB00571
DB01224	DB00422
DB01073	DB06193
DB00073	DB00987
DB00727	DB01132
DB00678	DB00722
DB01268	DB00441
DB00938	DB01409
DB00441	DB00112
DB01233	DB01009
DB00012	DB09146
DB08910	DB01234
DB00105	DB01262
DB02546	DB01248
DB00399	DB01254
DB01011	DB00842
DB06603	DB00072
DB04845	DB01101
DB01611	DB00188
DB01268	DB01101
DB00947	DB01590
DB08885	DB00441
DB00631	DB00056
DB00325	DB00640
DB00987	DB00227
DB01248	DB00227
DB01229	DB00227
DB01098	DB01039
DB00959	DB00073
DB08875	DB00530
DB00181	DB00186
DB00441	DB01254
DB00615	DB00207
DB00215	DB00422
DB06168	DB00331
DB00398	DB00531
DB00531	DB00959
DB00642	DB01234
DB00398	DB00530
DB06287	DB00112
DB00530	DB01030
DB01409	DB05039
DB00513	DB06692
DB09462	DB00316
DB00034	DB00112
DB06589	DB00642
DB06589	DB00530
DB00843	DB00996
DB00476	DB00996
DB00398	DB01248
DB04572	DB00563
DB00741	DB01234
DB00022	DB00398
DB00188	DB00928
DB00334	DB00502
DB00441	DB01101
DB00515	DB00039
DB00993	DB00635
DB00252	DB01076
DB00555	DB01076
DB00105	DB05630
DB00515	DB00188
DB01128	DB01590
DB00441	DB00997
DB01098	DB00175
DB01098	DB01076
DB06603	DB01101
DB00338	DB00736
DB01222	DB00277
DB00398	DB01006
DB00398	DB02546
DB00497	DB00230
DB00230	DB01075
DB08877	DB01234
DB01270	DB00112
DB00264	DB00999
DB00530	DB00916
DB00980	DB01175
DB08885	DB00853
DB00563	DB00860
DB00973	DB00091
DB01098	DB00973
DB00973	DB08860
DB01104	DB00996
DB01307	DB01306
DB01307	DB00331
DB00563	DB00092
DB05294	DB01128
DB01197	DB09026
DB01197	DB01029
DB00642	DB01248
DB01067	DB00331
DB01204	DB00002
DB01217	DB00783
DB00557	DB00377
DB00441	DB00398
DB00898	DB00996
DB00584	DB01261
DB00338	DB00863
DB00020	DB00552
DB00030	DB01306
DB01590	DB00188
DB00480	DB00762
DB00334	DB00331
DB00334	DB00641
DB00530	DB01197
DB00569	DB00682
DB00095	DB01270
DB01268	DB00635
DB00334	DB00904
DB06589	DB00441
DB00834	DB00929
DB01217	DB01006
DB00544	DB00762
DB00945	DB09030
DB00497	DB00448
DB00783	DB00007
DB02546	DB02701
DB00399	DB01181
DB01262	DB06603
DB06287	DB01234
DB00635	DB00864
DB00361	DB00112
DB01006	DB01254
DB01026	DB01248
DB00734	DB00834
DB06655	DB00331
DB00361	DB00530
DB01262	DB00188
DB06287	DB01248
DB01590	DB01030
DB01005	DB00661
DB09265	DB00331
DB00877	DB01026
DB09074	DB00112
DB01262	DB00853
DB00673	DB00747
DB04845	DB01254
DB00199	DB00530
DB00673	DB00531
DB00396	DB00945
DB06589	DB00997
DB00445	DB06589
DB00073	DB06317
DB00295	DB00996
DB00480	DB02546
DB00678	DB09026
DB06589	DB01030
DB00218	DB01234
DB00678	DB00177
DB06809	DB00099
DB06603	DB00530
DB00480	DB01073
DB00973	DB00177
DB00175	DB00177
DB00641	DB00177
DB00642	DB00112
DB00993	DB00091
DB01229	DB00928
DB00916	DB01137
DB00947	DB01254
DB00997	DB00112
DB00811	DB05521
DB00841	DB06213
DB00242	DB02546
DB06176	DB00188
DB04845	DB01611
DB00056	DB00928
DB00316	DB00193
DB01624	DB00502
DB01043	DB00843
DB00213	DB01261
DB00014	DB00499
DB01167	DB00642
DB06237	DB00199
DB06237	DB01026
DB06237	DB00503
DB00073	DB01234
DB08893	DB01045
DB00297	DB01400
DB00297	DB00813
DB00341	DB00967
DB01217	DB00675
DB01229	DB00398
DB01611	DB01248
DB00999	DB09026
DB00043	DB01167
DB00242	DB06287
DB01268	DB01590
DB00005	DB01137
DB00635	DB01137
DB00586	DB01628
DB00990	DB06616
DB00273	DB00915
DB00262	DB00112
DB00993	DB00860
DB01306	DB00040
DB00654	DB00287
DB00020	DB00724
DB01009	DB01060
DB01194	DB00484
DB00297	DB01234
DB00620	DB00112
DB01234	DB00112
DB00482	DB01586
DB00773	DB00072
DB01175	DB00402
DB00393	DB00674
DB00635	DB00188
DB00967	DB01062
DB01394	DB06168
DB05294	DB00877
DB04845	DB00398
DB00530	DB01254
DB06287	DB00762
DB00412	DB00641
DB01104	DB00331
DB00673	DB01234
DB01225	DB01017
DB00480	DB00441
DB04878	DB01261
DB06292	DB00641
DB06292	DB00177
DB00480	DB00091
DB06825	DB00052
DB06292	DB00222
DB06292	DB01261
DB00973	DB01039
DB00515	DB00445
DB00065	DB00788
DB00073	DB06273
DB01098	DB00201
DB00584	DB09026
DB00916	DB00254
DB00548	DB00254
DB00328	DB06372
DB00531	DB00112
DB06203	DB00331
DB01270	DB01590
DB06603	DB00112
DB06213	DB00640
DB00007	DB01254
DB06589	DB00218
DB00945	DB01132
DB00877	DB01262
DB01590	DB00990
DB00544	DB00112
DB00218	DB00601
DB01229	DB06589
DB04845	DB00531
DB01101	DB00853
DB01254	DB00853
DB00361	DB00398
DB06655	DB00030
DB00988	DB00741
DB00615	DB00921
DB00921	DB01045
DB06603	DB01128
DB01177	DB05015
DB05015	DB00997
DB01006	DB06616
DB01234	DB00996
DB00398	DB01181
DB00056	DB01262
DB08880	DB00060
DB00959	DB00297
DB00999	DB00519
DB06287	DB01075
DB00043	DB00668
DB06603	DB00188
DB01166	DB00945
DB01119	DB00331
DB00734	DB00215
DB00063	DB00009
DB01026	DB00741
DB00555	DB00715
DB00631	DB01262
DB06809	DB00188
DB06292	DB00390
DB00682	DB06292
DB01268	DB00990
DB00818	DB00813
DB00683	DB00813
DB06603	DB00642
DB00334	DB00246
DB00471	DB00394
DB00564	DB00555
DB00706	DB01036
DB01229	DB00072
DB01156	DB01175
DB01248	DB00745
DB02709	DB00188
DB06287	DB00642
DB00242	DB00073
DB04845	DB00112
DB00178	DB09026
DB05294	DB00188
DB00072	DB00002
DB00966	DB00999
DB06285	DB06643
DB01076	DB01132
DB00207	DB00798
DB00635	DB00959
DB00887	DB06292
DB00051	DB00563
DB01229	DB00480
DB01041	DB00860
DB00112	DB00928
DB01229	DB01590
DB00242	DB00213
DB00530	DB00762
DB00877	DB00002
DB00068	DB01076
DB00853	DB00112
DB01220	DB00994
DB06603	DB00928
DB00448	DB06616
DB01118	DB00264
DB00673	DB00904
DB01101	DB06616
DB01394	DB01076
DB08875	DB00853
DB00945	DB00852
DB00455	DB00443
DB00105	DB00227
DB06603	DB01590
DB08907	DB00331
DB00316	DB11699
DB09119	DB00331
DB01268	DB00480
DB06209	DB00006
DB00530	DB01611
DB01394	DB01026
DB01394	DB00207
DB06243	DB00945
DB01394	DB00277
DB01394	DB00091
DB01394	DB01211
DB09119	DB00641
DB00673	DB06717
DB00683	DB06717
DB01076	DB09279
DB00264	DB04861
DB00563	DB08904
DB00264	DB01105
DB00497	DB00673
DB01262	DB00307
DB01590	DB00997
DB01229	DB00619
DB04572	DB00262
DB04845	DB06589
DB00482	DB01628
DB00218	DB01075
DB01024	DB00864
DB01128	DB06287
DB00482	DB00744
DB09083	DB00335
DB01611	DB02546
DB00480	DB00002
DB01024	DB00635
DB00688	DB00635
DB01026	DB01234
DB00864	DB05521
DB00091	DB05521
DB09080	DB01409
DB00712	DB00316
DB01156	DB06413
DB00904	DB06151
DB01128	DB00481
DB13919	DB00437
DB00178	DB00437
DB00811	DB00987
DB01238	DB00334
DB00773	DB06243
DB00563	DB05679
DB00073	DB00552
DB08895	DB01076
DB06650	DB00480
DB00361	DB06589
DB01234	DB01284
DB01268	DB06589
DB00515	DB02546
DB06809	DB00928
DB00022	DB00008
DB01206	DB00112
DB01590	DB01006
DB06292	DB01045
DB04106	DB00112
DB00669	DB00788
DB06809	DB00531
DB00860	DB00571
DB00480	DB01590
DB02546	DB00853
DB01590	DB02546
DB02546	DB06287
DB00877	DB02546
DB00073	DB09054
DB06650	DB09054
DB01590	DB09054
DB09054	DB01073
DB01024	DB00860
DB01590	DB01101
DB08875	DB00412
DB00421	DB00999
DB00982	DB00530
DB06603	DB01006
DB01229	DB00531
DB00497	DB01183
DB01104	DB00370
DB01238	DB01175
DB01076	DB01261
DB00575	DB00996
DB01394	DB04854
DB06813	DB00188
DB00813	DB00598
DB00187	DB00598
DB00187	DB00813
DB06209	DB00758
DB00230	DB00193
DB00476	DB00193
DB04572	DB00531
DB00864	DB00087
DB01001	DB01409
DB01001	DB00986
DB00051	DB00635
DB01041	DB00480
DB00073	DB01590
DB03128	DB00112
DB00325	DB00112
DB00441	DB01611
DB06813	DB01248
DB00338	DB00758
DB00758	DB00213
DB09078	DB00851
DB00515	DB00570
DB00295	DB00921
DB09078	DB00112
DB01216	DB00820
DB00947	DB00188
DB00531	DB00099
DB00188	DB00099
DB00736	DB00758
DB00448	DB00758
DB00030	DB01261
DB06825	DB00717
DB00007	DB00624
DB06809	DB00631
DB00851	DB00112
DB00875	DB00502
DB00783	DB00788
DB00515	DB06589
DB00209	DB01591
DB06285	DB00481
DB11656	DB00213
DB04845	DB00642
DB00635	DB00563
DB06403	DB00820
DB08931	DB00203
DB00313	DB00279
DB00673	DB00889
DB00480	DB00398
DB00480	DB00112
DB06589	DB01590
DB01083	DB01105
DB00877	DB00563
DB11817	DB00563
DB00819	DB06151
DB00514	DB00313
DB09045	DB00046
DB00530	DB08911
DB01248	DB08911
DB00642	DB08911
DB01217	DB01590
DB01217	DB00530
DB01217	DB00398
DB00544	DB00910
DB00661	DB12010
DB00264	DB00310
DB00313	DB06287
DB06813	DB00544
DB00351	DB00321
DB08828	DB00412
DB00959	DB00860
DB00747	DB00843
DB00047	DB00046
DB06650	DB09053
DB06589	DB00112
DB06273	DB00959
DB00361	DB00531
DB01118	DB12364
DB00441	DB08911
DB00398	DB01101
DB00073	DB06603
DB06268	DB00203
DB06268	DB00820
DB00480	DB00987
DB00682	DB00227
DB06268	DB01045
DB06268	DB00503
DB01212	DB00916
DB00398	DB00928
DB00008	DB00945
DB00398	DB01590
DB01151	DB00181
DB02546	DB00112
DB00877	DB01611
DB00230	DB00476
DB08881	DB05239
DB00207	DB00860
DB00105	DB00041
DB01590	DB00619
DB00008	DB00300
DB01129	DB05239
DB08908	DB00945
DB09292	DB00177
DB00412	DB08896
DB09302	DB01076
DB04868	DB00619
DB00983	DB00938
DB00005	DB06643
DB00367	DB00302
DB00367	DB00784
DB01590	DB00675
DB00295	DB00316
DB00234	DB00215
DB08889	DB06603
DB00990	DB00112
DB00199	DB06228
DB12010	DB01132
DB00682	DB12010
DB01001	DB01656
DB01590	DB06663
DB00254	DB00002
DB06603	DB00987
DB08871	DB01101
DB01026	DB06176
DB06176	DB01045
DB06287	DB00002
DB00977	DB00367
DB01229	DB00331
DB01045	DB12010
DB08912	DB08911
DB06809	DB00112
DB06589	DB02546
DB00653	DB00281
DB06218	DB01202
DB00503	DB06209
DB00273	DB00331
DB01083	DB00331
DB00203	DB00820
DB06809	DB01262
DB00841	DB00381
DB12010	DB00390
DB04106	DB00851
DB00105	DB00851
DB06262	DB00545
DB00398	DB00544
DB00559	DB00770
DB08882	DB00331
DB08907	DB01045
DB08871	DB00072
DB01242	DB01175
DB01277	DB00884
DB00773	DB06809
DB01229	DB12483
DB00388	DB00455
DB06774	DB00281
DB06774	DB00193
DB09079	DB04951
DB00531	DB00724
DB01118	DB01017
DB00343	DB08860
DB08877	DB01101
DB00091	DB01254
DB00945	DB01017
DB00945	DB00990
DB01276	DB01132
DB00203	DB00624
DB06603	DB08877
DB01229	DB00445
DB00215	DB08868
DB00472	DB08868
DB00285	DB08868
DB00550	DB00389
DB06589	DB08911
DB00947	DB08875
DB01076	DB01234
DB01254	DB00112
DB01394	DB00437
DB00419	DB00073
DB06589	DB00072
DB00983	DB01222
DB00370	DB00715
DB00437	DB06372
DB00624	DB00630
DB00105	DB00188
DB12248	DB01409
DB01017	DB00112
DB00642	DB00317
DB01098	DB00758
DB00338	DB08873
DB01024	DB01590
DB00264	DB08893
DB01151	DB08893
DB09053	DB01234
DB00016	DB08894
DB00986	DB01400
DB06290	DB00864
DB06290	DB00091
DB08893	DB00706
DB00515	DB09074
DB11560	DB00437
DB06695	DB00213
DB01611	DB01101
DB00243	DB00222
DB01076	DB00222
DB08881	DB00112
DB01262	DB01254
DB01327	DB01211
DB08816	DB00091
DB00012	DB00910
DB01590	DB01611
DB11560	DB04854
DB06655	DB00222
DB01204	DB00242
DB01268	DB06287
DB00398	DB00762
DB01115	DB00177
DB00073	DB09053
DB01026	DB09049
DB00243	DB04855
DB08881	DB00002
DB00531	DB08871
DB06287	DB00331
DB00986	DB05039
DB08816	DB06209
DB01045	DB09049
DB01216	DB00706
DB00635	DB00244
DB08828	DB00877
DB05294	DB00863
DB00338	DB05294
DB00020	DB00928
DB05294	DB00683
DB00394	DB00571
DB00243	DB00331
DB00343	DB00381
DB01611	DB00041
DB05294	DB00331
DB01234	DB00099
DB00497	DB00704
DB00695	DB00214
DB00641	DB00331
DB05294	DB00390
DB00993	DB00916
DB00051	DB00916
DB08875	DB05812
DB01118	DB00489
DB00563	DB00307
DB00959	DB00736
DB05294	DB01590
DB00297	DB00668
DB00398	DB08871
DB04967	DB00853
DB00924	DB00788
DB00773	DB01101
DB00208	DB00945
DB00470	DB01183
DB00531	DB00188
DB08877	DB00990
DB00531	DB00762
DB08881	DB01590
DB08881	DB06287
DB08899	DB00990
DB08899	DB01217
DB08899	DB00947
DB08828	DB00853
DB00644	DB01248
DB00470	DB00316
DB00073	DB00034
DB00334	DB06288
DB06285	DB00884
DB08881	DB01097
DB00783	DB00367
DB06702	DB00286
DB06237	DB00727
DB00583	DB01076
DB00471	DB00635
DB00284	DB00331
DB09045	DB00331
DB01026	DB09053
DB11595	DB00112
DB09038	DB01045
DB01032	DB09038
DB00564	DB05521
DB00252	DB05521
DB02638	DB00368
DB00480	DB09054
DB05271	DB01235
DB00530	DB00331
DB01254	DB00650
DB06655	DB01306
DB05812	DB01045
DB00316	DB00331
DB08873	DB06210
DB06210	DB05521
DB00706	DB01126
DB09079	DB01248
DB00515	DB00997
DB00264	DB09039
DB01076	DB08860
DB01098	DB08860
DB00515	DB00112
DB06292	DB06335
DB08875	DB00441
DB08893	DB00390
DB09038	DB00331
DB01128	DB06699
DB06655	DB01276
DB00338	DB00083
DB00776	DB09119
DB00882	DB00331
DB01026	DB09079
DB00863	DB12010
DB00073	DB11581
DB00860	DB05812
DB00367	DB00331
DB00334	DB00472
DB00398	DB06287
DB00818	DB00067
DB00107	DB01282
DB06290	DB00641
DB06290	DB01076
DB04868	DB08877
DB01104	DB00740
DB05578	DB01248
DB00176	DB00390
DB00584	DB00112
DB08910	DB01026
DB00564	DB08910
DB00683	DB00454
DB00480	DB00908
DB00039	DB00087
DB00559	DB01088
DB08828	DB00441
DB08907	DB00390
DB01255	DB00472
DB00335	DB09026
DB01099	DB00196
DB06589	DB00002
DB08907	DB00091
DB01327	DB00207
DB00987	DB00099
DB09302	DB01039
DB09302	DB00973
DB01098	DB12010
DB12010	DB00641
DB00292	DB00813
DB01268	DB06791
DB01406	DB08877
DB08907	DB01016
DB00338	DB00213
DB00995	DB00877
DB00563	DB00650
DB08889	DB06176
DB00544	DB08911
DB08816	DB00758
DB01001	DB00727
DB00178	DB00758
DB01268	DB00683
DB00563	DB08895
DB08893	DB01591
DB08910	DB01211
DB00983	DB04465
DB08885	DB00650
DB00704	DB00813
DB00480	DB06176
DB00682	DB00498
DB00002	DB09074
DB01045	DB09053
DB01217	DB00007
DB00370	DB01175
DB00563	DB11767
DB08881	DB01045
DB08881	DB00390
DB06441	DB08816
DB08820	DB09280
DB09045	DB00222
DB01045	DB09079
DB01129	DB08828
DB08828	DB00196
DB01167	DB08828
DB00441	DB00608
DB00682	DB01109
DB01233	DB00818
DB08877	DB00928
DB00959	DB00292
DB00813	DB00281
DB11581	DB01234
DB01248	DB00331
DB01204	DB00987
DB00530	DB11363
DB00688	DB00213
DB01024	DB00213
DB09075	DB00945
DB00441	DB00724
DB00065	DB06674
DB00381	DB13919
DB00966	DB00310
DB00569	DB00945
DB00295	DB00813
DB08907	DB00641
DB00678	DB00650
DB01016	DB00331
DB00441	DB08877
DB01069	DB00186
DB01115	DB00966
DB00787	DB00188
DB01611	DB00811
DB00009	DB01270
DB08881	DB08875
DB05015	DB00541
DB00398	DB00997
DB00715	DB05521
DB00966	DB01076
DB00631	DB01204
DB00605	DB00987
DB08885	DB01101
DB08881	DB00697
DB00047	DB01261
DB00987	DB00331
DB00575	DB01183
DB08881	DB01418
DB06441	DB06209
DB00688	DB00959
DB09074	DB00853
DB00541	DB00987
DB11817	DB00390
DB04876	DB00030
DB00441	DB01234
DB00624	DB06699
DB00959	DB01222
DB04868	DB00022
DB05812	DB01234
DB00877	DB00928
DB00107	DB00429
DB01068	DB01320
DB01166	DB00641
DB01166	DB01098
DB00381	DB00275
DB01043	DB01175
DB08907	DB06292
DB00864	DB01590
DB00065	DB00993
DB08828	DB00987
DB00328	DB11560
DB11560	DB00788
DB04868	DB00570
DB00187	DB00818
DB01101	DB00390
DB00016	DB09146
DB00635	DB01656
DB00273	DB00186
DB00043	DB00860
DB00313	DB01101
DB00683	DB00818
DB00264	DB00722
DB00695	DB00988
DB00441	DB00820
DB00860	DB06372
DB00620	DB00297
DB00822	DB00853
DB00586	DB00683
DB00531	DB00020
DB11817	DB01045
DB00515	DB00531
DB00653	DB00968
DB01238	DB00745
DB00734	DB00745
DB08899	DB01167
DB08899	DB01241
DB00654	DB00373
DB01109	DB00945
DB01098	DB00177
DB00063	DB08816
DB01098	DB09279
DB11817	DB00196
DB11817	DB01026
DB00338	DB11817
DB01050	DB00201
DB00396	DB00308
DB01167	DB05239
DB00762	DB00331
DB00514	DB01261
DB11817	DB01032
DB01194	DB00654
DB00568	DB00829
DB00612	DB00335
DB01045	DB11363
DB08889	DB00762
DB01238	DB01156
DB00820	DB01126
DB06813	DB06176
DB00254	DB01029
DB00186	DB00502
DB05812	DB01248
DB11817	DB00641
DB00531	DB00990
DB00668	DB00281
DB00302	DB00668
DB01225	DB00945
DB11817	DB00091
DB11581	DB01026
DB11581	DB01045
DB00002	DB08896
DB06809	DB00853
DB06441	DB00758
DB01076	DB00331
DB09054	DB08935
DB01263	DB11363
DB00642	DB00853
DB00745	DB00571
DB11595	DB05239
DB08899	DB06699
DB00381	DB00700
DB06176	DB00928
DB00515	DB01143
DB00704	DB00921
DB00181	DB01043
DB00814	DB00099
DB00441	DB00331
DB01006	DB06699
DB01262	DB06210
DB01254	DB09035
DB08899	DB00834
DB11595	DB00530
DB11595	DB11363
DB00683	DB00292
DB06589	DB09037
DB00537	DB08820
DB00254	DB01586
DB00544	DB02300
DB01211	DB01045
DB06144	DB00734
DB00682	DB00945
DB00736	DB11363
DB06725	DB00316
DB09143	DB01248
DB00873	DB00091
DB11560	DB00331
DB00695	DB11560
DB01076	DB00853
DB00254	DB00537
DB01229	DB08877
DB00295	DB00083
DB00295	DB00297
DB00621	DB09146
DB01364	DB00201
DB04878	DB00331
DB08881	DB00459
DB08932	DB00218
DB08881	DB08912
DB00563	DB00002
DB00338	DB00950
DB08899	DB00007
DB00603	DB00091
DB01577	DB00494
DB09331	DB09035
DB08877	DB00072
DB01225	DB00682
DB00014	DB00947
DB01262	DB00811
DB01262	DB08877
DB06655	DB01261
DB00530	DB00277
DB08827	DB01076
DB00343	DB01211
DB01076	DB00945
DB01262	DB00987
DB00620	DB00281
DB00783	DB00378
DB00731	DB00331
DB08899	DB00072
DB09074	DB00675
DB01217	DB09074
DB01006	DB09074
DB00706	DB00316
DB08893	DB00316
DB08896	DB00762
DB00539	DB00675
DB00264	DB12163
DB00673	DB00334
DB00502	DB01075
DB00235	DB00187
DB00982	DB00020
DB06335	DB01276
DB01098	DB08896
DB00390	DB08896
DB06819	DB03793
DB00022	DB09037
DB00482	DB01095
DB00328	DB00668
DB00635	DB01220
DB00668	DB00368
DB00388	DB00067
DB00734	DB00656
DB08877	DB08896
DB01590	DB08871
DB08899	DB01590
DB00009	DB01109
DB06626	DB09037
DB00108	DB00959
DB11656	DB00736
DB00295	DB00683
DB00544	DB00724
DB01001	DB00201
DB00947	DB01248
DB08899	DB01045
DB06243	DB00188
DB01262	DB04865
DB05015	DB08889
DB00927	DB01075
DB00927	DB00819
DB08889	DB00864
DB00877	DB00331
DB00548	DB00484
DB00443	DB01137
DB00105	DB00482
DB01252	DB00030
DB00530	DB08877
DB00898	DB00281
DB06210	DB00928
DB00497	DB00316
DB01268	DB08896
DB09082	DB09076
DB01366	DB01222
DB00393	DB00819
DB00586	DB00825
DB00950	DB00908
DB00818	DB00292
DB11757	DB01045
DB00584	DB00575
DB00966	DB00575
DB00316	DB08882
DB00706	DB01591
DB01225	DB00031
DB00031	DB01109
DB01045	DB08882
DB08882	DB01132
DB00316	DB00945
DB00916	DB01060
DB00417	DB00916
DB00966	DB00641
DB00945	DB00814
DB00678	DB00641
DB00678	DB00421
DB00851	DB00331
DB00635	DB00741
DB00921	DB01234
DB00073	DB00860
DB11824	DB00030
DB01262	DB11581
DB11581	DB00928
DB01001	DB00332
DB00818	DB00652
DB00297	DB01452
DB00603	DB00864
DB00484	DB00373
DB00966	DB00178
DB00295	DB08816
DB00514	DB00281
DB00776	DB00996
DB11595	DB08935
DB08907	DB00030
DB00999	DB09279
DB00820	DB01037
DB00945	DB00788
DB00722	DB00585
DB01590	DB01254
DB00612	DB00178
DB00030	DB00104
DB00682	DB01088
DB00740	DB05266
DB06209	DB00945
DB08907	DB00191
DB00706	DB00820
DB00338	DB13928
DB00503	DB00945
DB00563	DB01248
DB00316	DB01234
DB12483	DB01045
DB01167	DB12483
DB00959	DB00281
DB09143	DB00188
DB08899	DB05812
DB00482	DB01016
DB01036	DB00321
DB08885	DB01270
DB00928	DB09037
DB08875	DB00072
DB00443	DB00811
DB06605	DB00390
DB06605	DB00335
DB00966	DB00758
DB00515	DB00853
DB00921	DB00285
DB00441	DB08871
DB00706	DB00715
DB09053	DB08935
DB00921	DB00316
DB08889	DB09053
DB00215	DB06151
DB01104	DB06151
DB00945	DB00975
DB00563	DB01097
DB00388	DB01364
DB00480	DB06317
DB06335	DB00222
DB00091	DB06210
DB00555	DB09119
DB00252	DB09119
DB00564	DB09119
DB11581	DB00987
DB00398	DB08911
DB06228	DB00758
DB06228	DB08816
DB09083	DB01136
DB00959	DB08889
DB08889	DB00635
DB08893	DB01036
DB08893	DB12278
DB08893	DB09262
DB01006	DB00882
DB01229	DB08911
DB06228	DB00682
DB00441	DB00619
DB01229	DB09079
DB00204	DB00281
DB00204	DB00379
DB00343	DB00218
DB01229	DB09035
DB00014	DB01006
DB06292	DB01276
DB09037	DB00112
DB00683	DB00281
DB00284	DB06335
DB00072	DB09037
DB00002	DB09037
DB00361	DB00317
DB01611	DB00563
DB00457	DB00704
DB00300	DB00630
DB00445	DB00531
DB01327	DB00281
DB09033	DB00635
DB08907	DB06655
DB09074	DB06699
DB00515	DB00331
DB00108	DB08868
DB00683	DB01045
DB01167	DB00683
DB09053	DB09035
DB00762	DB09037
DB00441	DB09037
DB00398	DB00451
DB00022	DB00020
DB01590	DB00104
DB00470	DB06151
DB00009	DB00031
DB00277	DB01656
DB00313	DB00502
DB06287	DB00570
DB00007	DB01006
DB01195	DB00489
DB00744	DB00945
DB00482	DB00996
DB00531	DB01030
DB09053	DB00188
DB09035	DB08911
DB09035	DB08912
DB00905	DB00373
DB00327	DB00316
DB00572	DB01400
DB08896	DB00619
DB01394	DB00563
DB00073	DB12483
DB00688	DB00188
DB00480	DB08935
DB00773	DB00997
DB00947	DB00928
DB00293	DB00762
DB00608	DB00853
DB09241	DB01438
DB00515	DB01234
DB00945	DB00006
DB06213	DB00853
DB01075	DB00433
DB00515	DB06176
DB02546	DB09037
DB01268	DB09035
DB09038	DB08882
DB00493	DB00916
DB01006	DB00929
DB00441	DB00650
DB01229	DB08896
DB05016	DB01045
DB08908	DB00471
DB05578	DB00530
DB01609	DB00987
DB00295	DB09290
DB01024	DB00563
DB01024	DB00091
DB00586	DB00316
DB00316	DB00784
DB01012	DB00630
DB13873	DB01076
DB09035	DB00762
DB06287	DB09035
DB01212	DB01165
DB01229	DB11595
DB00297	DB01364
DB08899	DB00014
DB09054	DB08877
DB01248	DB09037
DB01115	DB00328
DB06674	DB05679
DB00642	DB09037
DB01229	DB09037
DB01012	DB06285
DB08889	DB00073
DB05578	DB09037
DB00959	DB01611
DB08899	DB00644
DB09559	DB09037
DB00571	DB01039
DB00047	DB01276
DB06228	DB00302
DB00327	DB01050
DB00531	DB01234
DB00635	DB00608
DB00990	DB00675
DB00904	DB00377
DB11581	DB09053
DB06603	DB00008
DB00997	DB00331
DB00381	DB01609
DB06292	DB04876
DB00415	DB00798
DB00421	DB00350
DB00188	DB00175
DB00264	DB00193
DB00682	DB00571
DB00669	DB01020
DB00515	DB00293
DB01166	DB00669
DB00829	DB00454
DB00635	DB09079
DB01109	DB00193
DB09035	DB00997
DB00531	DB09035
DB00515	DB09035
DB01001	DB00635
DB09078	DB09037
DB00539	DB00331
DB00818	DB00281
DB00586	DB00697
DB11595	DB00928
DB01270	DB06273
DB06176	DB09037
DB01115	DB00264
DB01073	DB09053
DB00297	DB00653
DB01229	DB05578
DB11363	DB00112
DB01012	DB00700
DB01012	DB00594
DB05294	DB00947
DB08899	DB06803
DB12483	DB09037
DB00441	DB12836
DB00575	DB00281
DB00381	DB00882
DB01003	DB01050
DB00047	DB00030
DB01393	DB04115
DB00843	DB01591
DB00950	DB00471
DB00471	DB06282
DB00736	DB01060
DB00254	DB00736
DB01166	DB00758
DB06228	DB00945
DB08932	DB00820
DB00398	DB00073
DB00388	DB00325
DB01115	DB00590
DB00530	DB09035
DB00695	DB01098
DB09123	DB00882
DB11817	DB00620
DB00008	DB01101
DB00367	DB08867
DB00531	DB01006
DB00997	DB00380
DB00515	DB09037
DB01101	DB09037
DB00668	DB00443
DB00530	DB00317
DB09078	DB08875
DB08828	DB08877
DB00203	DB00235
DB08871	DB00762
DB00673	DB09290
DB00710	DB00630
DB09053	DB09037
DB00002	DB09053
DB01248	DB09053
DB01590	DB09053
DB01229	DB09053
DB00482	DB00339
DB00482	DB01045
DB00327	DB00297
DB00683	DB09029
DB01067	DB08882
DB06317	DB09035
DB08877	DB00188
DB00860	DB01137
DB01006	DB09079
DB01220	DB00537
DB01195	DB00390
DB00489	DB00390
DB00318	DB00316
DB00635	DB00250
DB05990	DB01076
DB00030	DB00040
DB00338	DB09053
DB00882	DB09126
DB00482	DB00795
DB09078	DB08871
DB08899	DB00331
DB00882	DB00248
DB00829	DB00788
DB00107	DB00653
DB08828	DB04951
DB00313	DB09035
DB01276	DB00377
DB00813	DB01050
DB00790	DB08896
DB04216	DB01254
DB06228	DB06605
DB09035	DB00853
DB00818	DB00230
DB05239	DB11581
DB00398	DB00331
DB00388	DB01064
DB05578	DB01101
DB00822	DB01206
DB00032	DB06825
DB00813	DB00454
DB01262	DB00441
DB00945	DB00213
DB00284	DB01276
DB00860	DB06151
DB00531	DB00073
DB00999	DB01018
DB00437	DB00339
DB00586	DB06774
DB00388	DB00668
DB01045	DB01137
DB00107	DB00571
DB00860	DB01097
DB00482	DB00316
DB00482	DB01017
DB00297	DB00193
DB09126	DB06719
DB00020	DB09037
DB00678	DB02709
DB12483	DB00072
DB06151	DB04951
DB00999	DB04861
DB00203	DB00882
DB00999	DB00310
DB00734	DB00334
DB00697	DB00297
DB00877	DB08885
DB00318	DB09049
DB00482	DB01234
DB00497	DB00297
DB00008	DB08877
DB00443	DB00450
DB00588	DB00635
DB00398	DB00945
DB01118	DB06151
DB00363	DB00331
DB04854	DB00437
DB00586	DB00297
DB00290	DB00683
DB00399	DB06643
DB00759	DB00207
DB11656	DB00448
DB00945	DB01137
DB00471	DB11591
DB00002	DB09035
DB01611	DB00177
DB00544	DB01234
DB01217	DB01101
DB00531	DB09037
DB00281	DB00788
DB01241	DB11362
DB11362	DB01045
DB00264	DB00661
DB00773	DB00537
DB00300	DB01265
DB00882	DB06151
DB00032	DB01006
DB00635	DB01234
DB00031	DB00758
DB01119	DB06663
DB01101	DB09079
DB06626	DB06616
DB01229	DB00834
DB00381	DB01098
DB00683	DB11362
DB05578	DB06791
DB06243	DB01206
DB00829	DB00281
DB00736	DB08896
DB00203	DB09079
DB00388	DB00297
DB00361	DB01006
DB00877	DB04876
DB00302	DB00929
DB11995	DB00196
DB11995	DB01045
DB11995	DB01167
DB09078	DB01590
DB09074	DB00762
DB01001	DB06151
DB12483	DB00002
DB01586	DB01039
DB00008	DB00034
DB08901	DB00928
DB00727	DB00281
DB09462	DB09038
DB09079	DB00112
DB00570	DB00112
DB00980	DB12153
DB11595	DB11581
DB01233	DB00959
DB11595	DB09074
DB09198	DB09038
DB09079	DB09037
DB00186	DB01050
DB11595	DB01101
DB09035	DB00112
DB00563	DB08816
DB00999	DB00594
DB00016	DB00910
DB00864	DB00188
DB11581	DB08935
DB00051	DB09033
DB00295	DB00327
DB08826	DB06151
DB00328	DB01050
DB01104	DB00987
DB00747	DB00316
DB08816	DB01076
DB01101	DB08896
DB00191	DB06655
DB00443	DB00860
DB06605	DB01211
DB00773	DB01234
DB08877	DB09053
DB09078	DB01101
DB08899	DB00499
DB11950	DB00331
DB00063	DB00758
DB01268	DB00853
DB01229	DB08899
DB00317	DB00112
DB00563	DB00853
DB08899	DB00328
DB01418	DB00682
DB01085	DB01050
DB01393	DB01586
DB01204	DB00060
DB00203	DB04951
DB09033	DB00806
DB11712	DB08820
DB09033	DB00864
DB01262	DB00928
DB00635	DB05679
DB08907	DB00222
DB08907	DB01261
DB01233	DB00904
DB00635	DB09053
DB00482	DB00398
DB01030	DB09037
DB00480	DB09037
DB01050	DB00852
DB01234	DB00331
DB00966	DB01098
DB00334	DB00377
DB00924	DB01050
DB00695	DB01223
DB00688	DB00073
DB00480	DB11581
DB00531	DB13943
DB01262	DB09037
DB01586	DB00331
DB01104	DB00196
DB08871	DB01045
DB01115	DB01234
DB00678	DB00806
DB00819	DB00853
DB01211	DB01060
DB00313	DB00996
DB00712	DB01209
DB08899	DB11595
DB00853	DB09037
DB00443	DB02300
DB00502	DB00477
DB00851	DB00997
DB00642	DB06616
DB11595	DB09331
DB11595	DB06688
DB09074	DB09037
DB01064	DB00640
DB00398	DB01611
DB00740	DB00193
DB09048	DB00377
DB00916	DB00994
DB01211	DB01248
DB00421	DB01394
DB08871	DB09037
DB00441	DB12483
DB00190	DB01235
DB00997	DB09037
DB01212	DB00104
DB00813	DB00316
DB00181	DB01050
DB00697	DB01050
DB01041	DB08877
DB01248	DB06699
DB00317	DB00331
DB00586	DB00331
DB00492	DB00175
DB01098	DB06292
DB01167	DB01611
DB01229	DB00293
DB06605	DB00091
DB00864	DB06605
DB01212	DB01137
DB01016	DB06292
DB00032	DB00066
DB00877	DB00531
DB00871	DB00297
DB00571	DB00997
DB00959	DB01076
DB01262	DB00390
DB00254	DB01327
DB11595	DB09035
DB06262	DB00190
DB00254	DB00724
DB00747	DB01175
DB00388	DB00809
DB05578	DB00762
DB01128	DB00644
DB06774	DB01050
DB08911	DB09037
DB08875	DB09037
DB01220	DB00641
DB00005	DB06803
DB09035	DB06643
DB00829	DB00683
DB11595	DB08875
DB06626	DB09035
DB01053	DB00798
DB00683	DB00297
DB00993	DB01220
DB00877	DB00860
DB01254	DB00619
DB00586	DB00281
DB00586	DB00653
DB11595	DB08871
DB05239	DB11363
DB00497	DB00813
DB01077	DB01045
DB00388	DB00368
DB00898	DB06151
DB00316	DB00554
DB00945	DB01050
DB00834	DB09037
DB00682	DB06605
DB00313	DB00186
DB06813	DB09037
DB00024	DB08911
DB00297	DB00368
DB01262	DB01234
DB00877	DB02709
DB00682	DB06695
DB00921	DB00904
DB09054	DB09037
DB09035	DB00928
DB01167	DB00834
DB00740	DB12243
DB00612	DB00264
DB01156	DB00215
DB11595	DB00947
DB11595	DB08882
DB01229	DB01262
DB00841	DB00368
DB00181	DB00829
DB00860	DB01234
DB08907	DB01032
DB08907	DB00661
DB00480	DB08870
DB00338	DB12095
DB12095	DB00927
DB00695	DB01032
DB00501	DB00331
DB00959	DB01234
DB08875	DB09035
DB00046	DB08882
DB01268	DB00571
DB00321	DB00193
DB08899	DB01248
DB01306	DB09564
DB00910	DB09037
DB00047	DB01306
DB08899	DB00399
DB08992	DB00482
DB11595	DB01248
DB11595	DB00997
DB00297	DB00640
DB08896	DB09037
DB00316	DB00788
DB00541	DB00853
DB08932	DB01098
DB00073	DB09037
DB00476	DB00571
DB00683	DB01211
DB00264	DB01136
DB00072	DB09053
DB09035	DB00987
DB01233	DB00193
DB00683	DB00571
DB08931	DB08932
DB00297	DB00844
DB00947	DB09037
DB08896	DB09035
DB08881	DB08935
DB00297	DB00316
DB08995	DB06228
DB09078	DB09035
DB12153	DB00915
DB00550	DB00763
DB00254	DB09037
DB00005	DB11834
DB09035	DB09037
DB00203	DB03128
DB01005	DB00853
DB00982	DB00857
DB01167	DB00982
DB00415	DB01234
DB08816	DB00813
DB00783	DB00929
DB01225	DB06228
DB00683	DB00889
DB00316	DB00281
DB01101	DB09035
DB00480	DB09331
DB06292	DB09038
DB00073	DB00853
DB00316	DB00996
DB11362	DB00758
DB01200	DB00316
DB05578	DB09035
DB00860	DB00945
DB08877	DB00853
DB00694	DB01248
DB06176	DB11581
DB09143	DB00724
DB09053	DB00853
DB01104	DB09128
DB09128	DB00476
DB09128	DB00472
DB09128	DB01175
DB09128	DB00715
DB00497	DB01050
DB00818	DB00653
DB13943	DB09035
DB11595	DB08896
DB00916	DB00736
DB05578	DB00441
DB04865	DB00928
DB06605	DB06695
DB06228	DB06695
DB01253	DB00107
DB00570	DB09035
DB00343	DB00302
DB12483	DB09053
DB00947	DB11581
DB00210	DB00254
DB06273	DB09035
DB00482	DB00945
DB00916	DB01327
DB00904	DB00434
DB00020	DB09035
DB00818	DB00422
DB00982	DB08875
DB00187	DB00281
DB00515	DB11595
DB00367	DB00554
DB00481	DB06643
DB00421	DB00381
DB00381	DB00808
DB06168	DB01248
DB09078	DB00398
DB05294	DB08875
DB02530	DB00404
DB00959	DB00067
DB00653	DB01234
DB00398	DB08896
DB00328	DB00316
DB12483	DB00331
DB08875	DB00002
DB00443	DB01234
DB01392	DB00741
DB09331	DB09053
DB12159	DB00043
DB00531	DB01281
DB08877	DB09035
DB06699	DB09035
DB05578	DB11595
DB00203	DB00264
DB00959	DB08877
DB00612	DB09083
DB08901	DB08911
DB12483	DB09035
DB01005	DB00819
DB00736	DB00331
DB01098	DB00571
DB01098	DB01136
DB06273	DB00635
DB01268	DB08875
DB09074	DB05812
DB00032	DB00094
DB02546	DB09074
DB00302	DB09526
DB08899	DB11581
DB08899	DB09037
DB00860	DB09029
DB00575	DB00297
DB05266	DB00853
DB00635	DB08895
DB00361	DB11595
DB00268	DB00996
DB11595	DB06273
DB00482	DB00218
DB01611	DB08911
DB01263	DB00196
DB00806	DB01076
DB01590	DB01234
DB00540	DB00281
DB09099	DB00104
DB00292	DB00107
DB00818	DB00107
DB00396	DB00378
DB01018	DB00281
DB00338	DB00261
DB00421	DB11581
DB08899	DB06643
DB08877	DB11581
DB01222	DB09273
DB00313	DB00320
DB12483	DB11581
DB00593	DB01175
DB01394	DB00806
DB00695	DB00999
DB00988	DB00770
DB00277	DB00561
DB13928	DB00030
DB00620	DB01234
DB09126	DB01284
DB01062	DB00289
DB00887	DB00310
DB00310	DB00594
DB00073	DB01281
DB00860	DB01165
DB00741	DB00860
DB01142	DB00724
DB00073	DB08879
DB11632	DB01235
DB06168	DB09037
DB00704	DB00717
DB00338	DB06204
DB00820	DB09037
DB09099	DB00030
DB00497	DB00193
DB00107	DB00929
DB00316	DB06151
DB08877	DB09037
DB06626	DB01268
DB06809	DB09037
DB13928	DB09038
DB00860	DB00099
DB00683	DB00557
DB01166	DB01175
DB00619	DB08901
DB00678	DB00381
DB05990	DB01586
DB00860	DB12023
DB00783	DB00020
DB11595	DB00072
DB11595	DB01006
DB00457	DB00434
DB01082	DB00537
DB01200	DB06288
DB00489	DB00204
DB00051	DB00065
DB00182	DB01576
DB00983	DB01409
DB00295	DB00413
DB00945	DB08901
DB01059	DB04924
DB00316	DB01075
DB01073	DB01181
DB00203	DB06335
DB08875	DB00642
DB00563	DB00641
DB00916	DB00207
DB00514	DB00715
DB09045	DB13928
DB02546	DB00675
DB00722	DB01136
DB00563	DB00331
DB00415	DB00207
DB00211	DB00571
DB01005	DB08877
DB00515	DB00213
DB00218	DB00836
DB12483	DB06176
DB01075	DB04465
DB00678	DB09038
DB00293	DB00002
DB00480	DB06273
DB00455	DB00927
DB00005	DB00834
DB00230	DB00316
DB11581	DB09037
DB11581	DB01101
DB00421	DB00783
DB11581	DB00188
DB00746	DB01005
DB00783	DB00286
DB08877	DB08911
DB05015	DB09035
DB01611	DB00207
DB06273	DB00026
DB09036	DB00026
DB00922	DB00653
DB00678	DB00945
DB00695	DB00598
DB06210	DB01234
DB00068	DB01611
DB00687	DB01200
DB11817	DB01611
DB00302	DB08818
DB01156	DB00909
DB01611	DB08895
DB01225	DB01109
DB01175	DB04876
DB01611	DB00608
DB08881	DB11595
DB08875	DB06791
DB01110	DB00620
DB09078	DB00643
DB00297	DB00454
DB01270	DB00620
DB08881	DB12483
DB01611	DB09035
DB00966	DB01197
DB00678	DB00310
DB00656	DB00425
DB06273	DB01234
DB00688	DB00853
DB11595	DB00441
DB01406	DB00871
DB00341	DB00350
DB00695	DB12243
DB00959	DB01109
DB01590	DB08911
DB01197	DB00331
DB01197	DB04876
DB00635	DB01394
DB00068	DB00811
DB09068	DB00659
DB00951	DB00929
DB08883	DB00822
DB00176	DB00331
DB11581	DB08860
DB01234	DB00641
DB09075	DB01394
DB09078	DB06626
DB00073	DB01367
DB06403	DB00795
DB00959	DB00451
DB01225	DB00959
DB00254	DB00207
DB00571	DB00929
DB01098	DB06210
DB08877	DB12010
DB04115	DB01136
DB11581	DB00762
DB00927	DB06151
DB01220	DB06151
DB00396	DB00635
DB00972	DB01222
DB00635	DB01611
DB01006	DB01101
DB00252	DB01202
DB08910	DB06317
DB01248	DB01037
DB00497	DB00734
DB00497	DB00246
DB00091	DB00741
DB01098	DB09038
DB00704	DB00331
DB00586	DB01050
DB01577	DB00370
DB00441	DB00910
DB06626	DB08885
DB00361	DB01117
DB00959	DB00996
DB06655	DB01132
DB00678	DB00860
DB01101	DB00307
DB00640	DB00975
DB00692	DB01085
DB00624	DB00308
DB00367	DB00834
DB00788	DB00193
DB00476	DB01175
DB00630	DB00571
DB00471	DB01611
DB06228	DB00254
DB06273	DB00065
DB08819	DB00654
DB00073	DB00091
DB00921	DB00193
DB00335	DB00598
DB01394	DB00704
DB00993	DB01181
DB08818	DB01234
DB00073	DB08935
DB00706	DB00586
DB11817	DB01234
DB06273	DB11767
DB00396	DB09126
DB06825	DB09126
DB00571	DB09037
DB08889	DB08910
DB09343	DB00432
DB00275	DB06292
DB00051	DB11817
DB04865	DB11581
DB00514	DB00472
DB08910	DB09035
DB09038	DB00030
DB00683	DB01202
DB05332	DB01206
DB00041	DB09037
DB00542	DB01611
DB00982	DB01017
DB01167	DB00736
DB00853	DB00331
DB01394	DB00945
DB00087	DB11988
DB08867	DB00929
DB00295	DB00404
DB00293	DB09078
DB01129	DB01060
DB00548	DB01017
DB00295	DB00281
DB06718	DB06210
DB01248	DB09035
DB00065	DB09037
DB01254	DB00928
DB08893	DB00820
DB00211	DB06212
DB01101	DB00650
DB08881	DB00398
DB00388	DB00316
DB11834	DB06674
DB00482	DB00927
DB00947	DB12483
DB00947	DB08896
DB01611	DB00244
DB09075	DB00758
DB06151	DB00928
DB01167	DB00635
DB00234	DB00422
DB01005	DB00820
DB11595	DB00619
DB01030	DB00762
DB00254	DB00860
DB01011	DB00741
DB09038	DB00026
DB00203	DB00193
DB01229	DB04868
DB01229	DB00806
DB00457	DB00571
DB00477	DB00853
DB00004	DB09037
DB09033	DB00065
DB09331	DB00188
DB00230	DB00904
DB00421	DB00310
DB00316	DB00201
DB00482	DB00537
DB01393	DB05990
DB01075	DB00450
DB00328	DB00864
DB00338	DB01628
DB00749	DB11582
DB00235	DB00841
DB00541	DB00860
DB00005	DB09033
DB00060	DB00331
DB00016	DB00819
DB00302	DB00048
DB00775	DB00945
DB00972	DB00764
DB00683	DB00653
DB00338	DB01060
DB01076	DB00929
DB01115	DB00653
DB00841	DB06273
DB01406	DB01261
DB00798	DB01234
DB01098	DB08816
DB01212	DB00571
DB12483	DB08935
DB06292	DB01132
DB00877	DB01281
DB00293	DB08896
DB00749	DB00818
DB00999	DB06292
DB00555	DB01202
DB00927	DB06480
DB08828	DB09143
DB01006	DB00641
DB00398	DB09035
DB01394	DB08816
DB00470	DB00201
DB00820	DB01591
DB00316	DB00454
DB01217	DB06699
DB01033	DB11581
DB00381	DB04861
DB00262	DB06292
DB00877	DB00959
DB00947	DB09074
DB01156	DB01104
DB00281	DB00193
DB08828	DB11595
DB05812	DB09221
DB00627	DB00227
DB00627	DB00641
DB00295	DB01183
DB00977	DB09123
DB00381	DB00542
DB00381	DB01076
DB01069	DB00514
DB01069	DB00318
DB01288	DB00332
DB00543	DB00860
DB00540	DB00860
DB00373	DB00869
DB00318	DB01114
DB00905	DB00484
DB00860	DB00975
DB01222	DB00540
DB00977	DB01395
DB00977	DB00304
DB00603	DB00286
DB06401	DB00286
DB00783	DB01395
DB01015	DB00440
DB01098	DB00331
DB00999	DB01197
DB00999	DB01029
DB00630	DB00169
DB01115	DB00335
DB00381	DB01029
DB12783	DB01235
DB00222	DB01132
DB00381	DB00796
DB00627	DB11629
DB00999	DB00796
DB00455	DB00852
DB00722	DB00999
DB00338	DB01009
DB00338	DB00945
DB00852	DB06282
DB00381	DB00790
DB00175	DB01039
DB00612	DB00999
DB00783	DB00717
DB00455	DB00471
DB00927	DB01050
DB08906	DB09082
DB01410	DB00983
DB00641	DB01261
DB00341	DB00852
DB01098	DB13873
DB00381	DB08822
DB00967	DB00852
DB00275	DB01098
DB00999	DB00571
DB00999	DB00876
DB00165	DB00366
DB00972	DB00588
DB00790	DB00808
DB00983	DB00986
DB00999	DB00275
DB01340	DB00999
DB00983	DB00394
DB01115	DB01020
DB00264	DB09083
DB00047	DB09265
DB00921	DB01183
DB00764	DB00768
DB00275	DB09230
DB00302	DB01050
DB01021	DB01029
DB00423	DB09212
DB13165	DB00484
DB01252	DB04878
DB01234	DB00537
DB09198	DB00331
DB06655	DB09564
DB00953	DB00814
DB09085	DB00281
DB00477	DB00738
DB00514	DB00908
DB06711	DB01620
DB00295	DB00497
DB00692	DB00871
DB00945	DB00448
DB00921	DB00814
DB00295	DB00704
DB00544	DB00668
DB00182	DB01018
DB01275	DB00883
DB01050	DB00956
DB00514	DB01156
DB00297	DB00814
DB08818	DB00244
DB00210	DB00250
DB00413	DB01367
DB00749	DB00571
DB00596	DB00799
DB00482	DB00275
DB00736	DB00814
DB00482	DB00381
DB01085	DB01062
DB00983	DB08897
DB00181	DB00659
DB00977	DB00717
DB00586	DB00929
DB00977	DB06713
DB00457	DB00770
DB00787	DB00741
DB00105	DB00811
DB00981	DB00747
DB00163	DB00806
DB00977	DB00957
DB00332	DB06694
DB00861	DB01393
DB01109	DB00281
DB00543	DB00975
DB08822	DB01132
DB00945	DB00175
DB01252	DB00331
DB00764	DB00935
DB00927	DB00788
DB00455	DB00540
DB00437	DB07615
DB01132	DB01261
DB00983	DB00588
DB01085	DB01036
DB01076	DB01029
DB00207	DB01234
DB08860	DB00177
DB01115	DB00796
DB00177	DB04861
DB01106	DB08906
DB00704	DB00575
DB00704	DB00193
DB00284	DB01083
DB09085	DB00935
DB00328	DB00367
DB00482	DB00193
DB00695	DB00594
DB00612	DB00381
DB01156	DB00656
DB00515	DB00668
DB00169	DB00481
DB09205	DB00883
DB00904	DB00545
DB01216	DB00350
DB00563	DB00317
DB00381	DB01020
DB12243	DB02701
DB00966	DB01023
DB00796	DB01023
DB00264	DB01023
DB00699	DB02701
DB00514	DB00852
DB01029	DB00492
DB00999	DB00492
DB00471	DB00768
DB09083	DB00243
DB06016	DB01175
DB00126	DB00163
DB00584	DB01023
DB00741	DB00994
DB00275	DB00796
DB00584	DB00492
DB00165	DB00650
DB00678	DB00550
DB00550	DB00542
DB00163	DB09270
DB01076	DB09230
DB00381	DB00255
DB01109	DB01234
DB00749	DB00806
DB00586	DB00806
DB00608	DB00112
DB00966	DB09026
DB01032	DB04854
DB12319	DB04854
DB01184	DB00213
DB12243	DB00393
DB00627	DB00758
DB00125	DB01050
DB06594	DB00334
DB01410	DB01274
DB01222	DB01274
DB00722	DB09230
DB00300	DB01188
DB00563	DB01234
DB04967	DB00642
DB09078	DB01248
DB08814	DB00758
DB00514	DB01114
DB00966	DB00222
DB06725	DB03754
DB12153	DB00640
DB00966	DB09230
DB00126	DB00302
DB00264	DB00796
DB00141	DB01296
DB01045	DB01017
DB00443	DB00798
DB00796	DB09026
DB00381	DB00627
DB00163	DB00153
DB01410	DB00136
DB00588	DB00136
DB01222	DB00136
DB01438	DB01059
DB00515	DB06697
DB00196	DB08604
DB01956	DB00808
DB00381	DB00492
DB01167	DB00515
DB00264	DB00381
DB00627	DB01076
DB09083	DB00758
DB00255	DB00945
DB00165	DB00289
DB00218	DB00798
DB00322	DB01050
DB01408	DB09273
DB01098	DB09026
DB01136	DB09279
DB00213	DB00641
DB01956	DB12243
DB12243	DB00770
DB00047	DB01109
DB00270	DB00598
DB08822	DB00808
DB01224	DB08815
DB00755	DB01013
DB00341	DB00281
DB00230	DB00806
DB01169	DB00317
DB01076	DB00758
DB01001	DB00328
DB04216	DB00997
DB00706	DB12278
DB06209	DB01136
DB01083	DB00491
DB00537	DB00591
DB01043	DB00169
DB00126	DB01165
DB02709	DB04216
DB01410	DB06151
DB01222	DB06151
DB01238	DB06228
DB00264	DB00945
DB00741	DB01017
DB00612	DB00945
DB00945	DB00853
DB04854	DB01076
DB00275	DB04854
DB00973	DB00331
DB00284	DB01076
DB00627	DB00331
DB00334	DB01175
DB01436	DB09070
DB01076	DB04878
DB00916	DB01165
DB00158	DB01037
DB00446	DB00916
DB09036	DB06273
DB00966	DB08860
DB00871	DB01222
DB00381	DB00335
DB01436	DB09488
DB00758	DB12545
DB01229	DB00563
DB00030	DB02701
DB00126	DB00818
DB00145	DB00331
DB00799	DB00724
DB01064	DB01254
DB01065	DB01050
DB01065	DB12243
DB01065	DB00927
DB00819	DB00909
DB01065	DB00213
DB01065	DB00448
DB00736	DB01065
DB01065	DB06717
DB00338	DB01065
DB00829	DB01174
DB01065	DB00904
DB01065	DB09290
DB01065	DB00889
DB00806	DB06480
DB01065	DB09273
DB01120	DB00641
DB08860	DB01023
DB11699	DB01234
DB01115	DB00203
DB00158	DB00973
DB01197	DB00945
DB01212	DB00281
DB00999	DB01076
DB01956	DB00273
DB00864	DB00196
DB00736	DB01137
DB00244	DB06151
DB01043	DB00571
DB04854	DB11994
DB00843	DB00571
DB02709	DB00997
DB00586	DB11582
DB00130	DB04876
DB11560	DB00999
DB00712	DB00818
DB01166	DB08816
DB00938	DB01656
DB01656	DB01409
DB08816	DB12545
DB05039	DB01656
DB01408	DB01656
DB00341	DB01410
DB00341	DB00588
DB08814	DB00945
DB00749	DB00193
DB00270	DB04216
DB00323	DB01235
DB11656	DB00091
DB00530	DB00594
DB02709	DB01169
DB08908	DB01132
DB01956	DB00289
DB00966	DB01137
DB00612	DB00808
DB00158	DB00808
DB00338	DB04115
DB00126	DB00822
DB02709	DB01248
DB01229	DB00755
DB08880	DB08908
DB01268	DB00988
DB01026	DB01013
DB00586	DB01394
DB00169	DB00331
DB00190	DB12163
DB01698	DB01067
DB08907	DB06203
DB00843	DB09068
DB00541	DB00608
DB01110	DB00196
DB11824	DB00331
DB00091	DB01234
DB00608	DB00762
DB01001	DB00920
DB01110	DB00916
DB08818	DB00795
DB02709	DB00331
DB00622	DB01083
DB01956	DB00264
DB02709	DB00758
DB00697	DB00370
DB04115	DB01261
DB00437	DB01138
DB00412	DB01132
DB00471	DB00091
DB01268	DB04115
DB01083	DB01296
DB01005	DB02300
DB08814	DB08816
DB00158	DB00544
DB00695	DB00421
DB04878	DB00222
DB01067	DB04878
DB01394	DB01234
DB00959	DB01050
DB05990	DB00973
DB00915	DB00316
DB00515	DB00201
DB01956	DB01296
DB00852	DB01412
DB00818	DB00829
DB00327	DB01183
DB00523	DB01132
DB00391	DB01234
DB08828	DB00608
DB00966	DB00968
DB00864	DB01685
DB04953	DB00996
DB01032	DB00945
DB00722	DB01119
DB00959	DB08818
DB08818	DB00945
DB04115	DB01137
DB00398	DB01073
DB01114	DB00316
DB00275	DB09292
DB00796	DB09292
DB09292	DB09279
DB00126	DB02709
DB00563	DB00997
DB00277	DB01364
DB01599	DB00227
DB09083	DB00883
DB00143	DB06230
DB00883	DB01023
DB00922	DB00177
DB00514	DB00996
DB00446	DB00787
DB00994	DB01234
DB00790	DB00700
DB01229	DB04216
DB00584	DB00158
DB01167	DB01229
DB00584	DB09292
DB00584	DB00264
DB00328	DB01296
DB00158	DB00152
DB00936	DB00857
DB06144	DB00853
DB00848	DB00533
DB00695	DB01234
DB01229	DB00159
DB04942	DB00307
DB00398	DB00755
DB01050	DB06756
DB06756	DB00788
DB01222	DB01409
DB00398	DB06774
DB01045	DB04743
DB00118	DB00814
DB01115	DB01029
DB08875	DB00188
DB00601	DB01201
DB00916	DB00741
DB01274	DB09076
DB00328	DB06736
DB00972	DB01410
DB00798	DB00281
DB00716	DB00608
DB00541	DB00331
DB00338	DB00642
DB01098	DB01029
DB00179	DB01234
DB00158	DB00715
DB00338	DB01211
DB06684	DB00641
DB00126	DB00945
DB08818	DB01320
DB00920	DB00277
DB01114	DB04216
DB00877	DB00399
DB01083	DB02709
DB00364	DB00741
DB01229	DB00661
DB01212	DB00788
DB00515	DB08868
DB00568	DB00422
DB01071	DB01698
DB00196	DB00601
DB05990	DB00331
DB00635	DB00811
DB00608	DB09053
DB01012	DB00820
DB00316	DB06756
DB01083	DB04878
DB00126	DB01023
DB00141	DB08604
DB01229	DB01095
DB01115	DB01197
DB00163	DB01043
DB00787	DB00762
DB01229	DB00482
DB12233	DB01611
DB01611	DB01097
DB12248	DB01050
DB08881	DB00571
DB00759	DB06151
DB00936	DB00945
DB00863	DB00641
DB00860	DB00537
DB01209	DB00921
DB00177	DB01023
DB12319	DB00448
DB00235	DB09083
DB01174	DB00201
DB12319	DB00437
DB00091	DB00317
DB11581	DB00997
DB00987	DB01162
DB00514	DB00381
DB00412	DB00997
DB00398	DB08889
DB08890	DB06655
DB01276	DB08882
DB00825	DB01744
DB00121	DB00188
DB00564	DB00121
DB00399	DB08910
DB00480	DB00399
DB00317	DB00227
DB00199	DB01045
DB00145	DB01060
DB00126	DB00331
DB04115	DB08895
DB01229	DB00822
DB00723	DB00572
DB02709	DB00119
DB00201	DB01132
DB00126	DB00130
DB01238	DB01166
DB00584	DB09053
DB00399	DB08911
DB04115	DB08868
DB01204	DB00997
DB00126	DB00811
DB01229	DB00751
DB00641	DB00997
DB00443	DB00654
DB01267	DB01104
DB01098	DB00091
DB00995	DB00398
DB00734	DB01104
DB00537	DB00798
DB01229	DB06774
DB04115	DB00317
DB04115	DB09035
DB00158	DB01234
DB00924	DB00586
DB00678	DB00997
DB00678	DB01132
DB00678	DB00912
DB05812	DB01095
DB06650	DB00073
DB00678	DB01120
DB00678	DB00284
DB00254	DB00331
DB00158	DB00997
DB01956	DB06711
DB00158	DB00165
DB00678	DB00412
DB00997	DB00762
DB04115	DB00997
DB00515	DB08818
DB00843	DB01202
DB01234	DB00227
DB00316	DB00244
DB00848	DB00459
DB04865	DB00997
DB02546	DB00317
DB00477	DB00331
DB00745	DB00715
DB00917	DB01101
DB01137	DB01234
DB00945	DB01235
DB01268	DB00997
DB00158	DB00501
DB01001	DB01222
DB13689	DB01248
DB00631	DB00563
DB01197	DB00177
DB00338	DB00712
DB00620	DB00083
DB00995	DB00482
DB01229	DB04115
DB00280	DB00997
DB01234	DB01017
DB00443	DB03852
DB00126	DB01169
DB01394	DB09079
DB08895	DB01234
DB00163	DB00973
DB00273	DB02709
DB00361	DB01436
DB00325	DB00398
DB00445	DB00441
DB01025	DB00798
DB00530	DB00608
DB04895	DB00945
DB00544	DB00040
DB00158	DB00364
DB00482	DB00997
DB00986	DB00394
DB00544	DB00987
DB00196	DB08901
DB00502	DB00987
DB00544	DB00317
DB00176	DB00762
DB00818	DB00747
DB06774	DB00997
DB02709	DB01026
DB01248	DB00608
DB00544	DB00350
DB00243	DB04216
DB00143	DB00544
DB00783	DB06439
DB00998	DB00945
DB00755	DB00641
DB00544	DB00563
DB00945	DB01254
DB00332	DB09273
DB06605	DB00758
DB00544	DB01611
DB00572	DB08818
DB00654	DB00484
DB00413	DB00673
DB01098	DB00627
DB08818	DB01062
DB00921	DB00813
DB00115	DB00650
DB00125	DB00883
DB02546	DB00619
DB00151	DB00877
DB01229	DB01254
DB00722	DB00688
DB01104	DB00230
DB00073	DB06287
DB01137	DB00738
DB00843	DB01076
DB00787	DB00281
DB06594	DB00313
DB01079	DB04876
DB00114	DB00627
DB06594	DB00234
DB01013	DB00136
DB00277	DB01234
DB00548	DB00916
DB01177	DB00441
DB08860	DB00796
DB00395	DB00814
DB00445	DB00136
DB00182	DB00370
DB01590	DB00563
DB00332	DB00281
DB00904	DB00472
DB00193	DB00996
DB00165	DB04216
DB06155	DB04876
DB00313	DB00482
DB06202	DB00990
DB09078	DB00619
DB09036	DB00188
DB04895	DB01270
DB00950	DB00852
DB02546	DB01254
DB01278	DB01306
DB00297	DB01050
DB00877	DB00936
DB06403	DB09026
DB00588	DB01409
DB00788	DB00996
DB08883	DB01043
DB01075	DB01050
DB00620	DB00091
DB01050	DB00193
DB00920	DB06711
DB00158	DB06756
DB01225	DB12364
DB08885	DB00762
DB00885	DB01132
DB01046	DB00788
DB01068	DB00555
DB00605	DB00193
DB00215	DB09286
DB00627	DB00945
DB00482	DB00285
DB00503	DB08869
DB00087	DB00099
DB00620	DB00860
DB00758	DB09030
DB00531	DB06243
DB00233	DB05521
DB01120	DB04876
DB13500	DB09089
DB09038	DB01132
DB01022	DB02701
DB04868	DB01006
DB00441	DB06273
DB01255	DB01018
DB00594	DB00384
DB00966	DB00335
DB00712	DB00927
DB01085	DB00209
DB08906	DB09076
DB00712	DB00281
DB00143	DB00316
DB00887	DB00112
DB00115	DB00230
DB00514	DB00482
DB00712	DB11582
DB01114	DB01050
DB00169	DB00244
DB00953	DB00904
DB00126	DB06151
DB00712	DB11994
DB00515	DB00945
DB00635	DB00394
DB01212	DB01068
DB08818	DB00554
DB00179	DB00530
DB00935	DB00281
DB06218	DB09119
DB00482	DB00999
DB00811	DB00659
DB00531	DB04216
DB00722	DB00214
DB00126	DB00158
DB00712	DB00193
DB00398	DB00608
DB00834	DB00104
DB00783	DB00136
DB00946	DB00499
DB08932	DB11362
DB01195	DB00745
DB05015	DB06813
DB08818	DB00641
DB00310	DB00177
DB00586	DB00216
DB00146	DB01012
DB00471	DB11614
DB03852	DB01060
DB08870	DB09035
DB00497	DB01069
DB09241	DB00843
DB00396	DB00470
DB00834	DB01026
DB00051	DB00864
DB00413	DB00909
DB06292	DB13928
DB00222	DB06692
DB00877	DB01169
DB00015	DB00001
DB01029	DB00758
DB00158	DB00163
DB00399	DB00175
DB00155	DB01076
DB00749	DB00316
DB04216	DB00331
DB00264	DB00178
DB00364	DB01184
DB01110	DB00240
DB08814	DB06209
DB12153	DB12243
DB08992	DB00586
DB00115	DB00331
DB00318	DB01050
DB00731	DB08882
DB01956	DB00143
DB01656	DB00331
DB01026	DB00136
DB00471	DB00277
DB06264	DB00316
DB01212	DB01156
DB00230	DB00540
DB00747	DB00285
DB00588	DB04890
DB00316	DB01628
DB00315	DB02701
DB00316	DB06736
DB00163	DB06151
DB00966	DB09292
DB01076	DB00177
DB01067	DB01076
DB00704	DB00909
DB00181	DB00555
DB06803	DB00997
DB00586	DB00448
DB00749	DB01075
DB00328	DB01075
DB01071	DB01050
DB00437	DB00281
DB09075	DB00208
DB00200	DB02701
DB09270	DB00175
DB00857	DB00281
DB01050	DB01296
DB08860	DB01039
DB01129	DB00927
DB00302	DB00513
DB01003	DB02701
DB01248	DB00136
DB01235	DB00422
DB00482	DB01656
DB00503	DB05521
DB08895	DB08868
DB01590	DB00177
DB00210	DB00281
DB00877	DB01599
DB01590	DB01013
DB00230	DB00216
DB00108	DB00242
DB00734	DB06155
DB00568	DB00985
DB06401	DB06700
DB00972	DB01364
DB00180	DB01106
DB00152	DB01586
DB00978	DB00165
DB00936	DB01009
DB00515	DB01166
DB01075	DB00281
DB00999	DB00214
DB00678	DB01261
DB00398	DB00034
DB02546	DB00642
DB00624	DB00820
DB00009	DB12243
DB00783	DB00624
DB00302	DB09212
DB01625	DB09212
DB00514	DB09212
DB01166	DB00877
DB00169	DB00884
DB00273	DB00904
DB01166	DB00843
DB00623	DB01088
DB00201	DB09212
DB00016	DB01109
DB01071	DB00852
DB01114	DB09212
DB11656	DB08806
DB01146	DB09212
DB00115	DB04115
DB00283	DB09212
DB00302	DB00341
DB00146	DB00169
DB01609	DB00091
DB00441	DB02701
DB00328	DB08860
DB01034	DB00328
DB00203	DB01956
DB00162	DB00328
DB08860	DB01132
DB00125	DB08836
DB01118	DB00243
DB01590	DB06287
DB01229	DB00091
DB11582	DB01009
DB00586	DB01656
DB01283	DB01656
DB00145	DB09212
DB00398	DB00724
DB00811	DB01248
DB00963	DB00287
DB00586	DB00484
DB01590	DB09143
DB00642	DB08896
DB08881	DB00008
DB01268	DB00398
DB00825	DB01075
DB00963	DB00768
DB00316	DB00145
DB11324	DB09212
DB00313	DB00860
DB00843	DB00939
DB11656	DB08818
DB00328	DB00302
DB00152	DB01296
DB00936	DB06151
DB00201	DB00117
DB00443	DB00307
DB00155	DB12153
DB08826	DB01609
DB00531	DB00860
DB00126	DB08818
DB00152	DB09212
DB00748	DB09212
DB00514	DB01412
DB01275	DB00091
DB00950	DB01050
DB00399	DB00860
DB00544	DB09053
DB08893	DB00035
DB00381	DB00820
DB00244	DB02701
DB00230	DB06204
DB04115	DB01050
DB01085	DB01591
DB00126	DB00669
DB00484	DB00869
DB13165	DB00373
DB00744	DB01076
DB00115	DB09212
DB00163	DB02709
DB00316	DB09212
DB00586	DB08818
DB00163	DB00350
DB00152	DB00461
DB00527	DB00281
DB00165	DB00350
DB00980	DB01017
DB00751	DB03754
DB00162	DB00163
DB01234	DB01656
DB00834	DB00741
DB06288	DB00904
DB02709	DB00627
DB00945	DB09212
DB06717	DB02701
DB04878	DB08882
DB11656	DB01050
DB00825	DB00860
DB00115	DB08818
DB00929	DB00605
DB00635	DB00218
DB00317	DB08911
DB08893	DB01407
DB09080	DB09079
DB00627	DB09212
DB00514	DB01050
DB00887	DB05266
DB00413	DB00904
DB00125	DB08818
DB08880	DB00563
DB00047	DB00331
DB00927	DB05265
DB00751	DB11742
DB01165	DB01137
DB01109	DB01248
DB00515	DB00126
DB00877	DB01065
DB00877	DB01590
DB00364	DB00863
DB00471	DB00751
DB04841	DB00188
DB01065	DB00331
DB00482	DB01097
DB00612	DB01098
DB13165	DB00869
DB00712	DB00736
DB09128	DB06230
DB00936	DB00994
DB00966	DB00820
DB01222	DB00244
DB00790	DB01076
DB01182	DB01050
DB00126	DB01050
DB01277	DB01234
DB00820	DB00316
DB09262	DB00035
DB00441	DB00352
DB06401	DB00169
DB01166	DB00175
DB00678	DB01166
DB06803	DB00853
DB00115	DB00704
DB09292	DB04861
DB01262	DB00997
DB05239	DB08901
DB08881	DB01254
DB00126	DB00627
DB00795	DB01132
DB01242	DB00203
DB00341	DB00316
DB00363	DB03793
DB01069	DB00669
DB00966	DB08882
DB01183	DB00813
DB06756	DB00281
DB01364	DB00852
DB00143	DB00155
DB01393	DB02709
DB01394	DB01136
DB00787	DB00482
DB01043	DB00377
DB01050	DB00996
DB06479	DB00853
DB00641	DB06151
DB00697	DB00580
DB00230	DB00996
DB00370	DB00909
DB00973	DB09270
DB08885	DB00544
DB00861	DB08873
DB01105	DB06155
DB01235	DB01037
DB00408	DB01175
DB00980	DB01142
DB00773	DB00380
DB00343	DB00152
DB00697	DB00745
DB00413	DB00996
DB00413	DB00476
DB01167	DB01026
DB04895	DB00218
DB01296	DB00118
DB09126	DB00227
DB01188	DB00619
DB01115	DB00806
DB01166	DB00973
DB00543	DB01175
DB04216	DB06151
DB05311	DB06692
DB00999	DB00922
DB00455	DB01114
DB00302	DB05311
DB00564	DB00254
DB00125	DB01076
DB01105	DB00843
DB00399	DB01095
DB00385	DB00209
DB00515	DB01609
DB01075	DB00201
DB01296	DB00814
DB00588	DB00277
DB05294	DB00112
DB09228	DB00009
DB00885	DB13036
DB01045	DB00537
DB00864	DB00393
DB02709	DB00945
DB00297	DB08818
DB00548	DB00755
DB00531	DB08935
DB00704	DB00620
DB00115	DB00163
DB00295	DB06800
DB00191	DB00331
DB00143	DB04743
DB00654	DB00869
DB11582	DB04743
DB00627	DB00814
DB00877	DB00482
DB00678	DB00885
DB00860	DB01409
DB00176	DB04951
DB00734	DB09286
DB09038	DB01261
DB00973	DB00627
DB01041	DB01169
DB00548	DB02701
DB00209	DB00331
DB00783	DB01065
DB06819	DB01197
DB00661	DB04855
DB00482	DB00374
DB01132	DB00227
DB12364	DB00758
DB00351	DB01026
DB00569	DB00006
DB01410	DB01409
DB00381	DB08860
DB01708	DB06151
DB00364	DB08818
DB00661	DB01394
DB00295	DB00877
DB00514	DB00734
DB01115	DB01009
DB01085	DB12278
DB01085	DB09262
DB00153	DB00641
DB00302	DB02701
DB00063	DB01240
DB06480	DB01656
DB00203	DB00125
DB00627	DB00159
DB06292	DB08882
DB00455	DB00201
DB00169	DB02701
DB00539	DB00196
DB00072	DB00112
DB09265	DB01132
DB01255	DB01175
DB00670	DB00472
DB08889	DB00188
DB01098	DB00945
DB01166	DB01599
DB00341	DB01003
DB00935	DB00484
DB00795	DB00244
DB00915	DB00843
DB05990	DB00159
DB01128	DB01248
DB02546	DB00472
DB00126	DB00170
DB00704	DB05266
DB00712	DB00697
DB01229	DB00163
DB06262	DB00494
DB01156	DB00273
DB00765	DB01235
DB01394	DB01182
DB04865	DB00619
DB00704	DB00422
DB00145	DB01296
DB00977	DB02709
DB00787	DB00814
DB00704	DB00996
DB00877	DB00317
DB00191	DB01025
DB12278	DB11699
DB01062	DB01409
DB00722	DB00310
DB00145	DB06151
DB09053	DB00987
DB00759	DB00916
DB06268	DB00492
DB00182	DB00575
DB00399	DB08860
DB02300	DB02701
DB00203	DB00273
DB11712	DB09280
DB00165	DB01076
DB00678	DB01611
DB00624	DB00882
DB00704	DB00316
DB00398	DB01076
DB00641	DB00715
DB02709	DB00412
DB00503	DB11581
DB06292	DB09568
DB00316	DB06204
DB00244	DB00281
DB00860	DB00244
DB00218	DB00860
DB00620	DB00218
DB00248	DB00104
DB00169	DB00811
DB01229	DB02709
DB00877	DB00591
DB00443	DB06736
DB00316	DB00669
DB01062	DB00989
DB08881	DB00022
DB00316	DB00425
DB01188	DB09040
DB00877	DB00997
DB11598	DB01109
DB00341	DB00927
DB00187	DB00640
DB00755	DB09331
DB01235	DB00788
DB09118	DB00574
DB00574	DB00349
DB00207	DB00196
DB00270	DB01367
DB08911	DB00619
DB00635	DB09270
DB00313	DB00629
DB06228	DB00661
DB01120	DB01261
DB00203	DB00201
DB01043	DB06204
DB00834	DB00331
DB00334	DB00889
DB01069	DB00193
DB01069	DB00327
DB00091	DB01296
DB12010	DB00619
DB00877	DB08901
DB00515	DB08899
DB01268	DB00244
DB01097	DB00997
DB00331	DB01095
DB00934	DB00675
DB00626	DB00741
DB01275	DB00313
DB00668	DB00404
DB08881	DB06819
DB00497	DB09049
DB00002	DB00997
DB00480	DB00619
DB00619	DB00331
DB00642	DB09079
DB00643	DB08911
DB00203	DB00261
DB00924	DB01009
DB01069	DB00952
DB00704	DB01192
DB00773	DB00928
DB01628	DB00193
DB00722	DB09292
DB06212	DB00104
DB00455	DB00713
DB00115	DB00165
DB01186	DB01367
DB09054	DB09053
DB00201	DB01412
DB00016	DB00480
DB00678	DB05990
DB00127	DB06243
DB00950	DB00788
DB00203	DB01216
DB00281	DB02701
DB00820	DB01175
DB00107	DB01183
DB00704	DB00686
DB00627	DB04115
DB06717	DB00377
DB00421	DB00834
DB02546	DB00404
DB00950	DB00342
DB00422	DB00434
DB00755	DB01234
DB01576	DB01018
DB00862	DB00675
DB00959	DB00277
DB01248	DB08868
DB01216	DB01162
DB09270	DB01039
DB00877	DB01234
DB00191	DB04871
DB00163	DB04216
DB00945	DB00331
DB00921	DB06230
DB01169	DB00605
DB00657	DB00758
DB00351	DB05039
DB04895	DB00619
DB00877	DB00619
DB08818	DB00227
DB00877	DB00608
DB00953	DB00669
DB00679	DB00987
DB01036	DB00281
DB00959	DB00399
DB00586	DB01440
DB09078	DB08881
DB00443	DB07615
DB00704	DB01050
DB00796	DB00310
DB00983	DB01203
DB00530	DB00997
DB09126	DB00066
DB00748	DB00852
DB11560	DB01394
DB08828	DB00811
DB00619	DB01132
DB00503	DB00331
DB00877	DB00348
DB01203	DB01234
DB00722	DB01197
DB00758	DB05351
DB00530	DB06813
DB00181	DB00214
DB00002	DB00112
DB08818	DB00720
DB00482	DB01268
DB01001	DB00871
DB01283	DB00399
DB00482	DB00082
DB00482	DB01409
DB00041	DB00087
DB00482	DB00481
DB01166	DB00482
DB00580	DB00883
DB00448	DB01184
DB01098	DB00796
DB00163	DB01075
DB00126	DB01075
DB00207	DB00945
DB00402	DB00745
DB01065	DB00402
DB00331	DB04861
DB01043	DB01037
DB12783	DB00190
DB00158	DB00945
DB00726	DB00674
DB00441	DB06813
DB00033	DB00069
DB01076	DB08868
DB00722	DB00114
DB00337	DB00177
DB01277	DB00034
DB00143	DB00175
DB05294	DB00619
DB00108	DB00060
DB00973	DB06155
DB00998	DB01043
DB04844	DB00915
DB00999	DB00533
DB00515	DB00759
DB00363	DB06218
DB00688	DB00641
DB00641	DB00175
DB01410	DB00768
DB06824	DB00055
DB01166	DB02701
DB00916	DB02701
DB09089	DB00244
DB04876	DB08868
DB00153	DB00169
DB00091	DB01248
DB00177	DB01095
DB01043	DB00472
DB00612	DB00883
DB00991	DB02300
DB00584	DB08860
DB06155	DB09026
DB01115	DB00678
DB00575	DB01062
DB00814	DB00193
DB00338	DB01079
DB00335	DB01020
DB00115	DB06603
DB00091	DB00533
DB00413	DB00814
DB00413	DB04896
DB00381	DB00641
DB06594	DB01156
DB00316	DB09213
DB00731	DB04876
DB01229	DB00975
DB00946	DB01022
DB00864	DB04216
DB00343	DB00281
DB00313	DB00843
DB00726	DB00623
DB08992	DB00328
DB09078	DB00762
DB01069	DB01234
DB00790	DB07615
DB08827	DB00973
DB00530	DB06176
DB01239	DB00540
DB11757	DB00201
DB01104	DB00404
DB00715	DB00404
DB08883	DB00909
DB08883	DB00843
DB00178	DB00922
DB01252	DB01132
DB01043	DB01132
DB00843	DB08860
DB00706	DB06267
DB01220	DB00244
DB00997	DB08604
DB01065	DB00107
DB06264	DB01050
DB00936	DB00596
DB00203	DB00745
DB01229	DB08932
DB01229	DB00559
DB00343	DB00641
DB00313	DB06616
DB01033	DB00352
DB00678	DB00175
DB00042	DB00083
DB01118	DB00608
DB09230	DB00641
DB00983	DB05039
DB00115	DB00158
DB00125	DB00321
DB00727	DB00112
DB00421	DB00254
DB04743	DB06282
DB00937	DB00331
DB01274	DB01409
DB01188	DB00987
DB00641	DB00675
DB02709	DB06151
DB00620	DB01175
DB00471	DB02709
DB00125	DB00130
DB00341	DB00784
DB00820	DB00997
DB00745	DB00422
DB00586	DB00619
DB00678	DB04861
DB01229	DB00083
DB01114	DB01412
DB00986	DB01409
DB00927	DB00448
DB00537	DB01060
DB00482	DB00641
DB01225	DB09108
DB00182	DB01255
DB01166	DB00966
DB00887	DB01080
DB00381	DB04854
DB04854	DB00331
DB08906	DB00768
DB00284	DB04878
DB00316	DB00997
DB08873	DB00683
DB00060	DB00169
DB08935	DB00112
DB00302	DB00537
DB00822	DB01037
DB00714	DB01235
DB00162	DB00207
DB08906	DB01409
DB00316	DB01296
DB00608	DB00997
DB12248	DB01234
DB12248	DB00747
DB09038	DB01276
DB00864	DB06210
DB06650	DB06210
DB01252	DB01261
DB01085	DB06702
DB01085	DB00496
DB00590	DB01216
DB00073	DB00072
DB00722	DB00060
DB00678	DB00808
DB01611	DB01261
DB01076	DB00699
DB00412	DB01234
DB00181	DB00704
DB12153	DB02709
DB01229	DB06176
DB00963	DB01234
DB08873	DB05521
DB06800	DB01248
DB01047	DB06151
DB00254	DB00196
DB01183	DB01452
DB00471	DB01656
DB00712	DB00996
DB01611	DB01076
DB00629	DB00188
DB00945	DB08896
DB00254	DB11629
DB00916	DB11629
DB00935	DB11629
DB00484	DB11629
DB01043	DB01065
DB06589	DB06210
DB00967	DB00860
DB00912	DB01132
DB00158	DB00145
DB01076	DB00159
DB09270	DB00331
DB01217	DB13943
DB00673	DB01065
DB00640	DB00281
DB12417	DB00331
DB06403	DB08931
DB00361	DB08896
DB00755	DB01169
DB00669	DB00945
DB00338	DB00448
DB00151	DB06151
DB00825	DB00159
DB11582	DB09212
DB00747	DB06736
DB00230	DB00814
DB00273	DB00421
DB00747	DB00083
DB00612	DB00790
DB00966	DB05266
DB00218	DB00339
DB00213	DB00788
DB00885	DB00471
DB01104	DB01065
DB01115	DB00281
DB00904	DB00422
DB00368	DB01137
DB01082	DB00188
DB06228	DB04855
DB05541	DB06218
DB06695	DB04855
DB01050	DB00281
DB01211	DB00860
DB00615	DB00951
DB01118	DB04931
DB01085	DB00809
DB11675	DB01129
DB00115	DB00843
DB01085	DB00935
DB00503	DB09053
DB00016	DB00073
DB08889	DB00997
DB01267	DB00734
DB00514	DB00788
DB00656	DB00996
DB00586	DB00736
DB00692	DB00714
DB08899	DB00243
DB00264	DB09030
DB08881	DB00441
DB08818	DB00091
DB01098	DB01175
DB00423	DB00814
DB01234	DB00814
DB00749	DB00927
DB00704	DB01117
DB09074	DB05351
DB01041	DB00530
DB01611	DB01017
DB02546	DB00755
DB00313	DB00593
DB00877	DB00163
DB01229	DB00641
DB00126	DB00136
DB04942	DB09331
DB00904	DB01400
DB04216	DB09074
DB00413	DB00472
DB00254	DB06151
DB00818	DB00472
DB04115	DB00331
DB08828	DB00641
DB00820	DB00083
DB00773	DB00853
DB09083	DB04861
DB01296	DB11994
DB00497	DB00921
DB01184	DB01113
DB00673	DB01400
DB00673	DB00545
DB00544	DB00218
DB08911	DB00686
DB00682	DB08818
DB00046	DB00814
DB00480	DB08910
DB00920	DB01050
DB00784	DB00788
DB00360	DB00125
DB00210	DB01017
DB00165	DB00653
DB00572	DB00201
DB00997	DB00987
DB08870	DB00997
DB00714	DB00422
DB01032	DB06212
DB06825	DB09035
DB01394	DB01263
DB00887	DB00313
DB08899	DB01268
DB00482	DB00686
DB06603	DB00541
DB00497	DB06800
DB00530	DB08896
DB00712	DB06264
DB00712	DB00669
DB00398	DB00727
DB01238	DB00481
DB06264	DB04743
DB00619	DB00434
DB00381	DB00433
DB00847	DB00795
DB00316	DB00321
DB00922	DB00989
DB06243	DB00928
DB05812	DB01169
DB01050	DB00279
DB00736	DB06736
DB01156	DB04844
DB00915	DB08868
DB00331	DB00674
DB02300	DB00724
DB12836	DB09037
DB00338	DB06480
DB00264	DB00279
DB00563	DB00541
DB08908	DB00136
DB00313	DB00675
DB00316	DB06691
DB00145	DB00117
DB00877	DB09079
DB00413	DB01184
DB00912	DB11632
DB11632	DB00908
DB00060	DB05266
DB05016	DB09037
DB00448	DB00788
DB00852	DB00427
DB01114	DB00852
DB01114	DB00397
DB01114	DB00956
DB01275	DB00999
DB00316	DB00241
DB00647	DB00945
DB00572	DB01081
DB00999	DB00384
DB00475	DB00771
DB01324	DB00457
DB01032	DB00415
DB00852	DB09488
DB03904	DB00741
DB00846	DB00994
DB00620	DB00994
DB00959	DB00994
DB00994	DB00591
DB00685	DB00207
DB00007	DB00717
DB00572	DB00454
DB01234	DB00281
DB13943	DB13954
DB00572	DB01010
DB00813	DB00450
DB01069	DB00454
DB00572	DB00733
DB00603	DB13954
DB00759	DB00741
DB00446	DB00860
DB08799	DB06711
DB01064	DB06151
DB01075	DB00852
DB09516	DB00755
DB00696	DB00201
DB01085	DB00195
DB00741	DB00537
DB00318	DB01237
DB00852	DB00788
DB00405	DB00852
DB00852	DB00835
DB00661	DB00519
DB00343	DB00584
DB00719	DB00852
DB00999	DB00881
DB00316	DB00652
DB00968	DB00880
DB00999	DB00968
DB01075	DB00788
DB00335	DB00310
DB00945	DB00241
DB01438	DB01015
DB00999	DB00542
DB00395	DB00945
DB00475	DB00321
DB00206	DB00880
DB00575	DB00310
DB00497	DB00945
DB01032	DB01394
DB00436	DB01203
DB00316	DB00647
DB00206	DB00310
DB00206	DB00232
DB01275	DB00206
DB08822	DB00310
DB00584	DB00999
DB00232	DB01089
DB01357	DB09371
DB00371	DB00945
DB01170	DB00999
DB00957	DB00783
DB00850	DB00321
DB01626	DB00232
DB00999	DB00206
DB00206	DB00774
DB01325	DB00206
DB00195	DB00310
DB01021	DB00206
DB00423	DB00945
DB00371	DB00286
DB00691	DB00999
DB01183	DB00652
DB00999	DB00598
DB00999	DB01089
DB01324	DB00206
DB11827	DB00331
DB11827	DB01261
DB00652	DB00945
DB00999	DB00373
DB00999	DB00960
DB01357	DB00717
DB01357	DB00823
DB00977	DB09389
DB00977	DB00823
DB01235	DB01034
DB00188	DB00773
DB00796	DB00178
DB01119	DB00325
DB00252	DB00313
DB00188	DB00072
DB00072	DB00445
DB00072	DB00997
DB01248	DB00432
DB00373	DB01194
DB00388	DB00979
DB00317	DB00762
DB00950	DB01032
DB00584	DB00528
DB08799	DB01620
DB01241	DB00439
DB01577	DB01114
DB00115	DB01229
DB00072	DB00515
DB00996	DB00906
DB00273	DB00555
DB00273	DB00564
DB00273	DB00313
DB01075	DB00277
DB00273	DB00776
DB00273	DB01202
DB00026	DB01234
DB00612	DB00966
DB00956	DB00725
DB00717	DB01006
DB01229	DB00539
DB00399	DB00997
DB00537	DB00440
DB00877	DB00775
DB00412	DB06335
DB00734	DB00313
DB00041	DB00030
DB06151	DB00746
DB00015	DB00054
DB00313	DB00555
DB00996	DB00564
DB00417	DB00199
DB00776	DB01202
DB01088	DB00203
DB00987	DB00515
DB00829	DB00813
DB01016	DB06203
DB01098	DB01241
DB00316	DB01009
DB00514	DB00809
DB00433	DB00902
DB01082	DB00381
DB08868	DB00335
DB01033	DB00207
DB00615	DB01033
DB01033	DB01045
DB01211	DB01033
DB00853	DB00619
DB00388	DB01069
DB00860	DB00798
DB00030	DB06203
DB01023	DB01029
DB01242	DB00472
DB01224	DB00472
DB01306	DB00912
DB01222	DB00448
DB00207	DB01045
DB00313	DB00997
DB00331	DB01306
DB00412	DB00903
DB00394	DB01001
DB02546	DB00056
DB00544	DB00104
DB00394	DB00938
DB01137	DB00798
DB01238	DB01356
DB00331	DB00158
DB01095	DB00973
DB05332	DB00928
DB00388	DB01233
DB00758	DB01590
DB00497	DB00327
DB01098	DB01225
DB00584	DB01136
DB00503	DB01394
DB01212	DB00713
DB01309	DB00047
DB00169	DB00047
DB00412	DB00052
DB01212	DB01211
DB00678	DB00571
DB00331	DB00421
DB00860	DB00588
DB00912	DB00030
DB04878	DB06203
DB05039	DB00938
DB06335	DB01132
DB01171	DB06288
DB00422	DB01576
DB00796	DB00584
DB01211	DB00588
DB00678	DB00335
DB01036	DB01263
DB01268	DB00317
DB00661	DB01356
DB00860	DB00471
DB00338	DB00586
DB00588	DB00043
DB00758	DB01229
DB01212	DB00601
DB01012	DB00910
DB01043	DB00153
DB00446	DB00741
DB00030	DB06335
DB06287	DB00034
DB00764	DB00983
DB00956	DB00945
DB00894	DB00783
DB00956	DB00397
DB00956	DB00852
DB00388	DB01050
DB00994	DB00860
DB00388	DB06691
